-- MySQL dump 10.13  Distrib 8.0.16, for Win64 (x86_64)
--
-- Host: 127.0.0.1    Database: oes_db
-- ------------------------------------------------------
-- Server version	8.0.16

/*!40101 SET @OLD_CHARACTER_SET_CLIENT=@@CHARACTER_SET_CLIENT */;
/*!40101 SET @OLD_CHARACTER_SET_RESULTS=@@CHARACTER_SET_RESULTS */;
/*!40101 SET @OLD_COLLATION_CONNECTION=@@COLLATION_CONNECTION */;
 SET NAMES utf8 ;
/*!40103 SET @OLD_TIME_ZONE=@@TIME_ZONE */;
/*!40103 SET TIME_ZONE='+00:00' */;
/*!40014 SET @OLD_UNIQUE_CHECKS=@@UNIQUE_CHECKS, UNIQUE_CHECKS=0 */;
/*!40014 SET @OLD_FOREIGN_KEY_CHECKS=@@FOREIGN_KEY_CHECKS, FOREIGN_KEY_CHECKS=0 */;
/*!40101 SET @OLD_SQL_MODE=@@SQL_MODE, SQL_MODE='NO_AUTO_VALUE_ON_ZERO' */;
/*!40111 SET @OLD_SQL_NOTES=@@SQL_NOTES, SQL_NOTES=0 */;

--
-- Table structure for table `tbl_alerts`
--

DROP TABLE IF EXISTS `tbl_alerts`;
/*!40101 SET @saved_cs_client     = @@character_set_client */;
 SET character_set_client = utf8mb4 ;
CREATE TABLE `tbl_alerts` (
  `id` int(255) NOT NULL AUTO_INCREMENT,
  `code` varchar(255) NOT NULL,
  `description` varchar(255) NOT NULL,
  PRIMARY KEY (`id`),
  UNIQUE KEY `code` (`code`)
) ENGINE=InnoDB AUTO_INCREMENT=28 DEFAULT CHARSET=latin1;
/*!40101 SET character_set_client = @saved_cs_client */;

--
-- Dumping data for table `tbl_alerts`
--

LOCK TABLES `tbl_alerts` WRITE;
/*!40000 ALTER TABLE `tbl_alerts` DISABLE KEYS */;
INSERT INTO `tbl_alerts` VALUES (1,'9275','Department was added successfully'),(2,'1185','Duplicate record found'),(3,'5426','Could not add department'),(4,'7823','Settings applied successfully'),(5,'1298','Could not apply settings'),(6,'1289','Category was added successfully'),(7,'7732','Could not add category'),(8,'3598','Subject was added successfully'),(9,'1925','Could not add subject'),(10,'6310','Student was added successfully, default password is 123456'),(11,'9157','Could not register student'),(12,'2074','Duplicate phone number found'),(13,'1189','Duplicate email found'),(14,'2932','Examination was added successfully'),(15,'7788','Could not add examination'),(16,'0357','New question was added successfully'),(17,'3903','Could not add question'),(18,'9174','Notice was added successfully'),(19,'6389','Could not add notice'),(20,'9135','You must be admin to access the control panel'),(21,'9422','You must login first'),(22,'0912','Invalid username or password'),(23,'9122','You must be a student to acces the exams'),(24,'5732','Your account has been disabled'),(25,'8924','Account not found'),(26,'1804','New password has been sent to you through your email'),(27,'1100','Could not reset your password');
/*!40000 ALTER TABLE `tbl_alerts` ENABLE KEYS */;
UNLOCK TABLES;

--
-- Table structure for table `tbl_assessment_records`
--

DROP TABLE IF EXISTS `tbl_assessment_records`;
/*!40101 SET @saved_cs_client     = @@character_set_client */;
 SET character_set_client = utf8mb4 ;
CREATE TABLE `tbl_assessment_records` (
  `record_id` varchar(255) NOT NULL,
  `student_id` varchar(255) NOT NULL,
  `student_name` varchar(255) NOT NULL,
  `exam_name` varchar(255) NOT NULL,
  `exam_id` varchar(255) NOT NULL,
  `score` varchar(255) NOT NULL,
  `status` varchar(255) NOT NULL,
  `next_retake` varchar(255) NOT NULL,
  `date` varchar(255) NOT NULL,
  PRIMARY KEY (`record_id`)
) ENGINE=InnoDB DEFAULT CHARSET=latin1;
/*!40101 SET character_set_client = @saved_cs_client */;

--
-- Dumping data for table `tbl_assessment_records`
--

LOCK TABLES `tbl_assessment_records` WRITE;
/*!40000 ALTER TABLE `tbl_assessment_records` DISABLE KEYS */;
INSERT INTO `tbl_assessment_records` VALUES ('RS04062477034704','S050-094-220','Jeremiah Mapunda','Ms Office Tools','EX-127128','75','PASS','01/03/2018','12/19/2017'),('RS30447236986153','S301-241-117','Abc Def','Ms Office Tools','EX-127128','95','PASS','01/07/2018','12/23/2017'),('RS58967348182380','S432-914-994','Amne Thinay','Ms Office Tools','EX-127128','80','PASS','01/02/2018','12/18/2017'),('RS69371224813619','S639-647-028','Abc Def','Auto CAD Quiz','EX-744741','0','FAIL','12/25/2017','12/21/2017'),('RS73341763461355','S746-849-932','Azizi Daudy','Ms Office Tools','EX-127128','15','FAIL','01/03/2018','12/19/2017'),('RS73623404864292','S491-381-154','Maria Oliveira','ENADE','EX-203827','100','PASS','10/30/2019','10/23/2019'),('RS75682276367955','S260-947-197','Saulo Oliveira','ENADE','EX-203827','100','PASS','10/30/2019','10/23/2019');
/*!40000 ALTER TABLE `tbl_assessment_records` ENABLE KEYS */;
UNLOCK TABLES;

--
-- Table structure for table `tbl_categories`
--

DROP TABLE IF EXISTS `tbl_categories`;
/*!40101 SET @saved_cs_client     = @@character_set_client */;
 SET character_set_client = utf8mb4 ;
CREATE TABLE `tbl_categories` (
  `category_id` varchar(255) NOT NULL,
  `name` varchar(255) NOT NULL,
  `department` varchar(255) NOT NULL,
  `date_registered` varchar(255) NOT NULL,
  `status` varchar(255) NOT NULL DEFAULT 'Active',
  PRIMARY KEY (`category_id`)
) ENGINE=InnoDB DEFAULT CHARSET=latin1;
/*!40101 SET character_set_client = @saved_cs_client */;

--
-- Dumping data for table `tbl_categories`
--

LOCK TABLES `tbl_categories` WRITE;
/*!40000 ALTER TABLE `tbl_categories` DISABLE KEYS */;
INSERT INTO `tbl_categories` VALUES ('CT-004633','ENADE','Sistemas De Informação','23-10-2019','Active'),('CT-418437','Civil Engineering Diploma 1','Civil Engineering','17-12-2017','Active'),('CT-530636','Computer Application 1','Computer Science','17-12-2017','Active'),('CT-706383','IT Diploma 1','Computer Science','17-12-2017','Active');
/*!40000 ALTER TABLE `tbl_categories` ENABLE KEYS */;
UNLOCK TABLES;

--
-- Table structure for table `tbl_departments`
--

DROP TABLE IF EXISTS `tbl_departments`;
/*!40101 SET @saved_cs_client     = @@character_set_client */;
 SET character_set_client = utf8mb4 ;
CREATE TABLE `tbl_departments` (
  `department_id` varchar(255) NOT NULL,
  `name` varchar(255) NOT NULL,
  `date_registered` varchar(255) NOT NULL,
  `status` varchar(255) NOT NULL DEFAULT 'Active',
  PRIMARY KEY (`department_id`)
) ENGINE=InnoDB DEFAULT CHARSET=latin1;
/*!40101 SET character_set_client = @saved_cs_client */;

--
-- Dumping data for table `tbl_departments`
--

LOCK TABLES `tbl_departments` WRITE;
/*!40000 ALTER TABLE `tbl_departments` DISABLE KEYS */;
INSERT INTO `tbl_departments` VALUES ('DP-030059','Computer Science','10-12-2017','Active'),('DP-152240','Civil Engineering','10-12-2017','Active'),('DP-241925','Information Science','10-12-2017','Active'),('DP-254881','Mining Engineering','10-12-2017','Active'),('DP-429345','Earth Sciences','10-12-2017','Active'),('DP-634956','Chemical Engineering','10-12-2017','Inactive'),('DP-729904','Electrical Engineering','10-12-2017','Active'),('DP-814519','Sistemas De Informação','23-10-2019','Active'),('DP-835457','History Of Art','10-12-2017','Inactive'),('DP-910585','Philosophy','10-12-2017','Active');
/*!40000 ALTER TABLE `tbl_departments` ENABLE KEYS */;
UNLOCK TABLES;

--
-- Table structure for table `tbl_examinations`
--

DROP TABLE IF EXISTS `tbl_examinations`;
/*!40101 SET @saved_cs_client     = @@character_set_client */;
 SET character_set_client = utf8mb4 ;
CREATE TABLE `tbl_examinations` (
  `exam_id` varchar(255) NOT NULL,
  `category` varchar(255) NOT NULL,
  `subject` varchar(255) NOT NULL,
  `exam_name` varchar(255) NOT NULL,
  `date` varchar(255) NOT NULL,
  `duration` int(255) NOT NULL,
  `passmark` int(255) NOT NULL,
  `re_exam` int(255) NOT NULL,
  `terms` longtext NOT NULL,
  `status` varchar(255) NOT NULL DEFAULT 'Inactive',
  PRIMARY KEY (`exam_id`)
) ENGINE=InnoDB DEFAULT CHARSET=latin1;
/*!40101 SET character_set_client = @saved_cs_client */;

--
-- Dumping data for table `tbl_examinations`
--

LOCK TABLES `tbl_examinations` WRITE;
/*!40000 ALTER TABLE `tbl_examinations` DISABLE KEYS */;
INSERT INTO `tbl_examinations` VALUES ('EX-127128','Computer Application 1','Office Automation 1','Ms Office Tools','10/24/2019',15,67,15,'This exam consist of 20 questions, the student  must answer all questions, do not refresh the webpage during the exam session.','Active'),('EX-203827','ENADE','Ciência De Dados','ENADE','10/28/2019',180,70,7,'Teste de ENADE','Active');
/*!40000 ALTER TABLE `tbl_examinations` ENABLE KEYS */;
UNLOCK TABLES;

--
-- Table structure for table `tbl_notice`
--

DROP TABLE IF EXISTS `tbl_notice`;
/*!40101 SET @saved_cs_client     = @@character_set_client */;
 SET character_set_client = utf8mb4 ;
CREATE TABLE `tbl_notice` (
  `id` int(255) NOT NULL AUTO_INCREMENT,
  `notice_id` varchar(255) NOT NULL,
  `post_date` varchar(255) NOT NULL,
  `last_update` varchar(255) NOT NULL,
  `description` longtext NOT NULL,
  `title` varchar(255) NOT NULL,
  PRIMARY KEY (`id`),
  UNIQUE KEY `notice_id` (`notice_id`)
) ENGINE=InnoDB AUTO_INCREMENT=3 DEFAULT CHARSET=latin1;
/*!40101 SET character_set_client = @saved_cs_client */;

--
-- Dumping data for table `tbl_notice`
--

LOCK TABLES `tbl_notice` WRITE;
/*!40000 ALTER TABLE `tbl_notice` DISABLE KEYS */;
INSERT INTO `tbl_notice` VALUES (2,'NT-66100967','29/10/2019 01:15:19','29/10/2019 01:15:19','Todo aluno é obrigado a fazer sua avaliação a tempo, caso contrário, o instrutor não reativará a avaliação novamente.','Avaliação');
/*!40000 ALTER TABLE `tbl_notice` ENABLE KEYS */;
UNLOCK TABLES;

--
-- Table structure for table `tbl_questions`
--

DROP TABLE IF EXISTS `tbl_questions`;
/*!40101 SET @saved_cs_client     = @@character_set_client */;
 SET character_set_client = utf8mb4 ;
CREATE TABLE `tbl_questions` (
  `question_id` varchar(255) NOT NULL,
  `exam_id` varchar(255) NOT NULL,
  `type` varchar(255) NOT NULL,
  `question` longtext NOT NULL,
  `option1` varchar(255) NOT NULL DEFAULT '-',
  `option2` varchar(255) NOT NULL DEFAULT '-',
  `option3` varchar(255) NOT NULL DEFAULT '-',
  `option4` varchar(255) NOT NULL DEFAULT '-',
  `answer` varchar(255) NOT NULL,
  PRIMARY KEY (`question_id`)
) ENGINE=InnoDB DEFAULT CHARSET=latin1;
/*!40101 SET character_set_client = @saved_cs_client */;

--
-- Dumping data for table `tbl_questions`
--

LOCK TABLES `tbl_questions` WRITE;
/*!40000 ALTER TABLE `tbl_questions` DISABLE KEYS */;
INSERT INTO `tbl_questions` VALUES ('QS-018274','EX-127128','MC','How will MS Word will respond in repeated word ?','A Red wavy line under the repeated word','A Green wavy line under the repeated word','A Blue wavy line under the repeated word','None of above','option1'),('QS-059309','EX-127128','MC','Landscape is ?','A font style','Page Orientation','Paper Size','Page Layout','option2'),('QS-181829','EX-127128','MC','Background color on a document is not visible in ?','Print Preview','Web layout view','Print Layout view','Reading View','option1'),('QS-182678','EX-127128','FB','How many types of data processing techniques we have (answer in numbers eg: 10)','-','-','-','-','1'),('QS-209570','EX-127128','MC','Which of the following is not available on the Ruler of MS Word screen ?','Tab stop box','Left Indent','Center Indent','Right Indent','option3'),('QS-214909','EX-127128','MC','In ms-word F7 functional key is used for','Refreshing the page','Modify the document','Spell check','None of these','option3'),('QS-296802','EX-127128','MC','What is the Short cut key for line break?','CTRL + Enter','Shift + Enter','Space + Enter','Alt + Enter','option1'),('QS-298632','EX-127128','MC','What is a portion of a document in which you set certain page formatting options ?','Section','Page','Document','Page Setup','option1'),('QS-331682','EX-127128','MC','What is gutter margin ?','Margin that is added to the binding side of page when printing','Margin that is added to the outside of the page when printing','Margin that is added to the left margin when printing','Margin that is added to right margin when printing','option1'),('QS-365442','EX-127128','MC','Which is the widely used word processing software in computers?','Ms-word','Ms-power point','Ms-excel','Ms-access','option1'),('QS-414319','EX-127128','MC','Which of the following is spreadsheet program?.','Ms-word','Ms-power point','Ms-excel','Ms-access','option3'),('QS-474867','EX-127128','FB','_________ executes one or more database commands automatically','-','-','-','-','module'),('QS-489980','EX-127128','FB','Typeface option will come under which menu ?','-','-','-','-','format'),('QS-504446','EX-127128','MC','Ms excel is used for creating','Presentations','Documents','Sending mails','Spreadsheets','option4'),('QS-563886','EX-127128','MC','Ms-power point is a ________ language','Document','Spreadsheet','Presentation','programmatic','option3'),('QS-577510','EX-127128','MC','Which is not a font style ?','Bold','Superscript','Regular','Italic','option2'),('QS-646662','EX-127128','MC','What is the use of \"All Caps\" feature in MS-Word ?','It changes all selected text into Capital Letter','It adds captions for selected Image',' It shows all the image captions','None of above','option1'),('QS-672480','EX-127128','FB','How many worksheets are there in one workbook?','-','-','-','-','255'),('QS-738546','EX-127128','MC','Which of the following is not valid version of MS Office?','Office XP','Office Vista','Office 2007','None of above','option2'),('QS-844817','EX-127128','MC','The combination of row and column is called ______________','Line','Column','Cell','Row','option3'),('QS-867058','EX-127128','MC',' __________ is one of the field types in MS-Access.','Double','Float','Memo','None of these','option3'),('QS-901363','EX-203827','MC','Qual é o número 1 abaixo','número 4','número 3','número 1','número 0','option3');
/*!40000 ALTER TABLE `tbl_questions` ENABLE KEYS */;
UNLOCK TABLES;

--
-- Table structure for table `tbl_subjects`
--

DROP TABLE IF EXISTS `tbl_subjects`;
/*!40101 SET @saved_cs_client     = @@character_set_client */;
 SET character_set_client = utf8mb4 ;
CREATE TABLE `tbl_subjects` (
  `subject_id` varchar(255) NOT NULL,
  `name` varchar(255) NOT NULL,
  `department` varchar(255) NOT NULL,
  `category` varchar(255) NOT NULL,
  `date_registered` varchar(255) NOT NULL,
  `status` varchar(255) NOT NULL DEFAULT 'Active',
  PRIMARY KEY (`subject_id`)
) ENGINE=InnoDB DEFAULT CHARSET=latin1;
/*!40101 SET character_set_client = @saved_cs_client */;

--
-- Dumping data for table `tbl_subjects`
--

LOCK TABLES `tbl_subjects` WRITE;
/*!40000 ALTER TABLE `tbl_subjects` DISABLE KEYS */;
INSERT INTO `tbl_subjects` VALUES ('SB-324085','Office Automation 1','Computer Science','Computer Application 1','17-12-2017','Active'),('SB-439174','Routing And Switching','Computer Science','IT Diploma 1','17-12-2017','Active'),('SB-530597','Database Principles','Computer Science','IT Diploma 1','17-12-2017','Active'),('SB-863077','Auto CAD','Civil Engineering','Civil Engineering Diploma 1','17-12-2017','Active'),('SB-944894','Web Design','Computer Science','IT Diploma 1','17-12-2017','Active'),('SB-964058','Ciência De Dados','Sistemas De Informação','ENADE','23-10-2019','Active');
/*!40000 ALTER TABLE `tbl_subjects` ENABLE KEYS */;
UNLOCK TABLES;

--
-- Table structure for table `tbl_users`
--

DROP TABLE IF EXISTS `tbl_users`;
/*!40101 SET @saved_cs_client     = @@character_set_client */;
 SET character_set_client = utf8mb4 ;
CREATE TABLE `tbl_users` (
  `user_id` varchar(255) NOT NULL,
  `first_name` varchar(255) NOT NULL,
  `last_name` varchar(255) NOT NULL,
  `gender` varchar(255) NOT NULL,
  `dob` varchar(255) NOT NULL,
  `address` longtext NOT NULL,
  `email` varchar(255) NOT NULL,
  `phone` varchar(255) NOT NULL,
  `department` varchar(255) NOT NULL DEFAULT '-',
  `category` varchar(255) NOT NULL DEFAULT '-',
  `login` varchar(255) NOT NULL DEFAULT 'e10adc3949ba59abbe56e057f20f883e',
  `role` varchar(255) NOT NULL DEFAULT 'student',
  `avatar` longblob,
  `acc_stat` varchar(255) NOT NULL DEFAULT '1',
  PRIMARY KEY (`user_id`)
) ENGINE=InnoDB DEFAULT CHARSET=latin1;
/*!40101 SET character_set_client = @saved_cs_client */;

--
-- Dumping data for table `tbl_users`
--

LOCK TABLES `tbl_users` WRITE;
/*!40000 ALTER TABLE `tbl_users` DISABLE KEYS */;
INSERT INTO `tbl_users` VALUES ('admin','Admin','Exame','Male','28/04/1992','-','oliveira.saulo351@gmail.com','996163818','-','-','4b1a25591e5d99036671b7f56aecc672','admin',_binary 'PNG\r\n\Z\n\0\0\0\rIHDR\0\0H\0\0[\0\0\0x\\0RIDATx\\U\bnO``H\ i$	HPPDQA@@ʮ,(sdQ0\Г3\\\ֽ\\dR\u\=5\\]\Vx\}\o\0\0\0\0\0\0\0\0\0\0\0\0\0\0\0\0\0\0\0\0\0\0\0\0\0\0\0\0\0\0\0\0\0\0\0\0\0\0\0\0\0\0\0\0\0\0\0\0\0\0\0\0\0\0\0\0\0\0\0\0\0\0\0\0\0\0\0\0\0\0\0\0\0\0\0\0\0\0\0\0\0\0\0\0\0\0\0\0\0\0\0\0\0\0\0\0\0\0\0\0\0\0\0\0\0\0\0\0\0\0\0\0\0\0\0\0QE\=}\\S߹sZ>x\\0\0\0\0\0\0F,\\\\٫\|_\0\0\0\0\0\00(4ݲ\Zj\Q\i|M\$2>qJ-f{ok\\_\0\0\0\0\0\0\0B\\JE\Vdurm\K/\\n\XMJs \0\0\0\0\0\0\0+\\.h\"QCc\\]\\^\,\lgL\0\0\0\0\0\0`RzZN 9\D6ym;\u3KŦ\@ \0\0\0\0\0\0\\n!▔Iks2ʉ*\\,\\EXA\-)\5\RZ$\0\0\0\0\0\0 1e\\A\\\0\0\0\0\0\0`\T!R.˺E\RRe\u\\+KWy.\p\0\0\0\0\0\0\0/\ \0\0\0\0\0\0@@ \\\\\}<7w\ \0\0\0\0\0\0] MI\\%Uq/^$ v2Nf\Z|\O/\;\0\0\0\0\0\0@&:ג\U\)S\\\%\]N@1Jo\ 0\\0\0\0\0\0\00t	1H\0\0\0\0\0\0\0T)]\	Dup\n\jgJLf:H\0\0\0\0\0\0!HA\0\0\0\0\0\0\0R\\)d\\Z\NQpʜ\!\\\ a\0\0\0\0\0\0`\R`?u1E\	<9C,\l\\K1\\0\0\0\0\0\00D,\	\[&f-1Gs	\0\0\0\0\0\00D	1H\0\0\0\0\0\0\0\d\\6i8k\*\\S\!\0\0\0\0\0\0`\$\0\0\0\0\0\0\0RV \ecsd!r#$\L\ڶ\\0\0\0\0\0\0@B;\0\0\0\0\0\0\0RP \ϑϒ\6-ϋ0\<S	\0\0\0\0\0\004\Z1H\0\0\0\0\0\0\0\\T6+Y蔬t\,u!K8w\\Jֻ\\\\J̘\0\0\0\0\0\0d4l\9H\0\0\0\0\0\0`HR\AR#/\1\\\.\esϑj9Β\I$\0\0\0\0\0\0\$8H\0\0\0\0\0\0\0T&gS\]\}^\0\0\0\0\0\0BT>\\ a\0\0\0\0\0\0`Ҵ@hANOޖ\1[,v\0\0\0\0\0\0!Hp\0\0\0\0\0\0\0@Ar՘!\ى\\\u,I\\\	\0\0\0\0\0\00)^}6Ů\s)t_@$\0\0\0\0\0\0LoiʛVˈiS\Αaʝ4uN\^f]?$\0\0\0\0\0\0	$\ \0\0\0\0\0\0 )S\0)pN\\C \0\0\0\0\0\0N A\0\0\0\0\0\0zT\b\'	%&)o\F2\rK)Iz\Z\ČJ8H!\0\0\0\0\0\0\0,\\0\0\0\0\0\0\0@d9H\(i\\^\]\nَ\ *$\0\0\0\0\0\0\\n$\ \0\0\0\0\0\0@N ū;F\b\:y9LZ\E%L\0\0\0\0\0\0@\0\0\0\0\0\0\0>u\/XTrǔ*\\1D\'t0\0\bYH\0\0\0\0\0\0Hޔ$\r\,\0\0\0\0\0\0`\R,#\;$\0\0\0\0\0\0	\l\m!n\\\\\eX5\n$W?,]\q	\0\0\0\0\0\00	S\\0\0\0\0\0\0\0\o\2\M.\\\Ӂ\`\Zo\v\S\\K$\0\0\0\0\0\0	$\ \0\0\0\0\0\0 @\nH\r\0\0\0\0\0\0\"	\0\0\0\0\0\0\0\\aJ\V&/\\uj\@6\X#\} \0\0\0\0\0\0\0C(\\0\0\0\0\0\0\0\ iANY똔\\U2ک\S\eq\}K\0\0\0\0\0\0$\0\0\0\0\0\0\0R\!\)K-.)qXg[\=\\4$\0\0\0\0\0\0\\n$\ \0\0\0\0\0\0\RI,vTcL׳0e]b\0\0\0\0\0\02$\0\0\0\0\0\0\0RF \\ɻ\\n%f\\J\PW\b\0\0\0\0\0\0:	\0\0\0\0\0\0\0D\@Rce \HO\\&sR.#$\0\0\0\0\0\0 Ӹ`\".+vw3\@ \0\0\0\0\0\0Y )\\0Ŏ;w\\Gg;\q(\0\0\0\0\0\0`$\0\0\0\0\0\0\0H\|TvrGǉ*k%E\x\"װ\nF\1\\	\0\0\0\0\0\00$	\0\0\0\0\0\0\0\ ΏmN2\ٚ\T%$\0\0\0\0\0\0	$8H\0\0\0\0\0\0\0t2)(.[\XtyrKS`QE\e\\'\%\\0\0\0\0\0\0L A\0\0\0\0\0\0@ \ J\E҅peip\H\nn\C \0\0\0\0\0\0F A\0\0\0\0\0\0W.;OٖHc\RYN\[Dm]OH\2++\dH}\@=\'Oe[ߏ?\A\\0\0\0\0\0`\R\\~\!}_?9= Bi4:H8Kݟ~FmO?K\7mXv~ΞJB\0\0\0\0\0\02\d\\\~\s\\"Hm?{~:|w?N\+V\V\ڹ~$\6@2;=Q\9\n\n\Z\&pIَ\>%c\A\;}\Z|\p-~[.\[:^9D\Z׻\̷t)\\ߧ\\\0\0\0\0\0\0\7¡\z\\{\ֳ\\\n%/Dmq_\\OX8)A\M\\\.F\\I\|\5J\Rl\DM\"\[munnSˮ\\y~\\w\\a~\0\0\0\0\00\\\o\Cj\D\/P룏S\{\eT?{.\\'L\Zl\XBM7@*\3W\(-Zz.+lih91\dq@z.uh9\*Ɠ7\oU1\ZW\Jɵ\e\#\ֳixU\\[\\S\1e\0\0\0\0\0<.%\:\8*nk\\Uo%\7n\X\T3=յT?\|8HnN2u0]}A\úu\Zj[k[/߯ｏ|\0\0\0\0\0`䑉/\\w}x\HOjy\	j\8\/\-ɶE\2V=bUSq=\@\ZAL߱\rzr0؍)\DAغ\:\'\=b\2O\\z/&@6fbe0EMK\m\-Ի\\2\-#\p\0\0\0\0aMߙ3ԶwM,|*\\n\xeD9Fa8;HA\a\\i1\d\gP\b\\.=\\0\0\0\0\0i\WX\\cԼi\Dо\\\.\24\ј\"\K`L.;Hg\ e?G\jqG\\\\?*/3g;\\~\\w/^ȟ\Q㢘եkq\}\c\SK\\'TS|b5ul\F\wf\/\O\\K_~E<\^q7G,\0\0\0\0\0z7\?\\\\\\\Բa3/\j\Ը\\\ZK C0R\r7li\'>\b\\{g\\r\';,~\\\\\nټ|\8HA\')쵼\&U\멱v!5/yT8L}Ș#\Z\0\0\0\0\0\\0\\\z\\\n\o\Y\6bs\vc\&9jf8\\\br͠\<O	\ωHSR).ZHu[,uL\nOYO	i\".R\U~UGڜ%cf>xS\\'6\_5\jD\\d[}t\\\\\\\\\0\0\0\0|v\\\7fM\{Df-.\`C\ \r@\Z-\\a\ y\\e\E\"C^Dm\'\_}w	\0\0\0\0`\\3zϟ\\=-u}Zv>L͛R\\\Dz7|\Z\1\\r\n:\Z\\)\q[S\{*U\\.ٲN\	|W/\wT%\n0Y70\?~\BOKN\\\g\y߷:\)jm\p\0\0\0\0\0F<\ώ\\GM;D|\\A2$8H#\AXY%\\OFr\'DZ\\O?>\\0\0\0\0PDlsB]:|Zle+(Q;b!J\,&\\vn\L2\\r~ë\9\n\b!\tXT݀\+R\i\r\\:HjJ\M \\|Y	\lv6A\\\:U\&\"&\fȘX6\\ԼrȌ\ϗ\\a\w\\)$\0\0\0\0\/\\\#\\r\r=qF]\|8H$ײ\+Suߓ;<I	\\8\n=K<	\6\0\0\0\0\0Üy\Ɵxz\g\-\R\\K\4@!\58aD\\(3\!\2bfL\)7Оr3<]\\9#\(\"bc\\Y\Vj\ݥ}fR\\0\w5&_<Sm\KlR\r%fΥ[VRr\zj}|_\7z\0\0\0\00\\SapM{f-)U<#\pP A*fINH<{l\D.\;\	g\ē\\\0\0\0\00x@~!\)Hzd\\\Zb35k\{C\rS<ôzF&\\j1G\\\uۗ_hкFq?h-Պr#w@\Y\\EL[e\?MӰiL>\-f,#j@\HwI\\y8K\0\0\0\0\0O\\qXܜ޸\Zk7f\\n\b\\$(#\pJ A\Z߲\'>HQ=Mȯ胝N<$o8\0\0\0\0\\~Z ݜH\sIr\Z\XH\Kx\4);X$<:#e\\\n0\J\lNg\\Ar\\\,I\\,\1\\\$\| cYʾʺe\')\ԗ]\]Oxy>l69_\uH\0\0\0\0\0W_umԼe\:畏S\bcE\Nkp!)GzM\RM֠NU\MEP7H<2\VDtPR^aČ\9l?N7s,i\n\6ݲ*ح넻}cg\s\e\\nH_%p\\8u(M5>ߊ*\:w<L]\?<-\0\0\0\0@(eǟP\M~\L/<VB$\MY\0\S\0\n\؉-O`M+~\Ա۹\!\ܶ+8J\0\0\0\0\0zϝ;\{4?\\\'꬈v\t1E\+ 7Cpr3hUo&m馕\^$,\0?L,Y\BjaXmzn\ \u\\;f~e(Vw\(\r}.b\\6eۆg[*<}͔$\\)j\Ò#VV)\n\iS\a\|\}v?]z\48C\0\0\0`\!R\|\\c)5\"3Vl܄#\p\ A\ZI\Z\c6I\/޺\)/;w\ngH\0\0\0\0p\p\\\Pǫ龍\t=T_|D^e\\n!J@vV\\\o\9anP\A\ns\H4\c\n\ھc$\Z\`!.\E\̲d($gԓm\\#}\0W1\\k}Nul\9\Aw)LCsJRǻhL\\MXo\~\Աy+|M\㘊\0\0\0\"H%w2tUa\\n\*1c4\'_.5#t,v\b,vC\N{\\s<7ꯛ#2UM\6+B\L\n\0\0\0M{\S\WE\\wb4䕍\f2\\DB\;؛\\S\\ǖU,\Z\Z?\*\\>/f\d]2K\}eO@\߭\[2\xO3\j\\_\Cr~x0p\\ów/\9\r.\Z%k\^}=%b<\?O\\VQ\ϩ\QۺԹuQ\\t	J\0\0\0\0Ityڟy\ZWEKRbOSbj܈>E\+A::7\"+AR\\\?L#\g\(8%.;W	\0\0\0\0Óʾ\7ޤ\\).j9\]GqWk8]\Sy\o\"]C}&\kn\"\<\7\$j۳Ժ3Ӎƍ[כnZ&n$~#ٸ`\"<v\\\\Yþ\\'\;\H\\J̘sտs\\SBp6,]-]\O\\xi}\&\\&\MOZEh!\b!+GʪTR{\\b\\\\L\0\0\0a1\\QE^y6\LA\ZipRsJ ~qRLYlW8H\ k\*\?\dbPO	\0\0\0\0Cw?ڞ\OO<I-\wRD҅\(V5q䖤2ݗ\G\\f\c̈\TĶGvm\	o&Ӓ(\̟\\Xj먙\\\<)_*c\;{Z\\r\Φ\[\@@rl\]=+3$#Q~\'[\x0\G\\#\FxzHfk\\\\\g\Lǫ&S݌\\P\\o\\'\)\Z\n\0\0\0\0 L&\\t\\"º԰r5%f\5gsZIט\\nY\\"ݠNFY\\5&:2\\rX;\9\|\\av-YKm\G\v\\o@\0\0\0\s\K\|(5\x\ZV\FuRioD\Pby:Tf;}C:\6M.<7\"F\d\ʥl\\rO\\~\>3\\1L|\g4fL3N#AH$\rN4\sm\\0ےbW3\k\\k<K-ܱȴl\\Zy.nO]\l/pL\UZgg/\\j]\tJ.A]ѯ\H<\\\\0\0\0\0*t7٭{Ek\Xͫ-\1HABbR`2)V\LD\*\f\0\0\0p\7gSW0jN\'#\/*k\赈,?!\\:2K\C\g\\\n\#\Z1Z6e\@aČ5lqE\\=f,\`M\EΗ\a\M\\\@rCk\eo1jH\12?7\\\rq\r5,40t\\"\zPr\?dc$\\\\E\;|\]\ƹ\uPz~z(]o<g{\0\0\0\0Dǟ\-\DV\\+F	$8H\\ARS\\'&\un\)?N~	G	\0\0\0\0f.\'\=%utڞzw\-n\fΥ\U\esi\"LsU\bkԸ\r\0\m\lQY\\\ rV\G\\$\5āH\\\M\t9H6\Hl\H\\L\qx?4\\7x\0o(y;iwrlc\ǁZ;\[\\5ux%e@C{\9j2%I,j\1^G\\</˳\]|ӑ7\\7\0\	\0\0\0\0F(Rl\J\0xb*]mʜe!\!\\ri;\39\\)\+:_H$\!\0\0\0\\/oCFm6R\U\1J\\\9FZ\=1LԿ_u\p9b	9k=&\^C\\Z\X~W\gYؗLk\A\b:=+\\GRc,})^:(u\\'e۟\\s\\9Y|\Ϧ\fv\rǉ]5ύDf\3\Z7\E6ŵqG\]J~\\ZJ]G\/:>\(]pW	\0\0\0`\9\5Y\H\r֜\Z\ !\oAB\ȋAr-\#\{\rUM1I^p\\D\Z\\-\0\0\0bD\\\y\&\tM!\\Z\Χ\3\+Jy5\\\\J#\yĎm^pq՛n\ȹgɳ\\E\Nka^?Ě8rŮzH\\~+\wcX$\@\pG p\n\\ds.\dc3\/?\"Jq\nD\k\W>\,i1Q\\vW:Ӧ\'\ar\~\(>#\Z&\0\0\0@\e\\*9\\)@$m\ѱ\Qj\\s\\Gހ@\0\0\0F:r<\\Vjop\Zf\A\n$%˖\	9Η\N\Pe\lzj7oC\c\뽸j-\73\	fSoq䍃v3\\˦f~,v5#\ʳ5	Q\\~Ϣ\`9C&>ϔI.d(\\\C\r\1=7\ZֹlyRgT~oLߏfu\i1\S\\0\0\0Oa\\W҉$A	\_Hp\ \\(\\Mg\\ųΞP\0\0\0;\]8\0\\</\Zn]dg\S\x\&-E1r40\˔\e6bKPS3c\\\ȭ\ː[wQF\ǃ)Ǚ1^9XGn\|G\k\@:be)-9Ąjqq\"j^~+oب\g#\\"D_k\bWn\Z̊J]K7:W~;K5u\\\&;\njkX\j\S|\LWM۔tK\S[y\L|J;\Z\p;Q\k\n\8ȗ\T_ȘR\\_<~\H\*Δ>Q\m)\\\ă\36Rұ9t5,_%Z\\ϊ\\k\\\\0\0\0GqLo\{j] )\\\"8H#\Ab\cT?u?f[Cz\\\:mK[d%\ڏ?\6\ZߜY\\\SD7o\D\Pݜy6zL\\'i9H\\o}\ēB0>\rG	\0\0\0N_\\ߜޱZoSd\)B3fK\/b\)a b\\կ,vyj\Hیe\Ӷ+/\\rzܴ \\ʉ?s\S\\\T\\\Բ\6jY}u\zn˟N<\@L+\\ \\\gAgvc῿\\ZKhb\[\"\\{\\cS:E\/Ӱ\\ԲyNj\\qk\iJ\c\o\]q\\2.S\Y\\͐y\v<]+-*\"lCuXA0SG)u\a\6ڳd\\\ⓧ\ZV\F^\(I~U	\0\0\0\"K\\'7 25=\\\\"8HC\ qׅ\'\\UPb,1\Z\\j{\i\x\\\o1Dñ\f銅Տ?\\Em\+R;\\\\\=)gp\\\@\"J\0u\)1_,~\ƛ\\q8I\0\0\0P>\\OP\\71\nQ*\gJ\݈m\\gs\zZ=&ϳ\;\mf\\\l3c\\)n\or\|!QWs-%N\\e˩y\*jj\>\c\{\\?\??Iq\߿R\N\\Rz*cJ\vB<u\k&b;eٮ\[\aAY\g~w\ͷu\\Xw֮o\ \\\(~ʹ\2+cV\\\\\"\	:\Q\%,#\\K϶\X\p/\w\>ظ	\\no\\S\gJ\0\0\0ؓ\J<\ti\$9շxL\8C|_\~(\.ʆ4R>xK\oEW\8\3!py\rv\_[\B\0\0\0`\ο{\ٵ+\'4ds\rGUR;\_\nԊN4MF\'\'a,^Ⱥ\ڳ\\GH\g\F\3\\UT(¡iI*u\ⷋ^/LX(|Èq\n\n$ͬy?\\1ox/\&-#V %׊z;gZê5$<Vm\J\~x<2=mS\1Ă\\\\\k\[%} 6\'`ƚWa\\߅Y괙kw\\i\kxo>`0\Zj\Stt\.=G|\*\0\0\0\\%\3qyيpiP$~*F&	P?s\'ᵧ\\䊱O\A\Z\Zh\:!\\&\'H̚+H)\kc\\ \rW\r7\n\'\b!\0\0\0p\\n<s\J.ZBCc\0\9ĬQ\,8Z܎%)6\-c^!-\]D\\Z_p.^3~\\D6\Rr\=Աy+\'y\y]\\'V\\e\Z\`\>\9yFYbqoSzSױcԴq3m\H-\A\+W\_7\:_Zh\"FI3R\=\u1%׶\i\0\ϕjx\LI\(I)\$\s\z\~Ϻs~\"jjپS۾\\\0\0\0\\&g\\P*U0[Asx\\Z\%-j\47|\.qçB\	ipV={5:\K>\+\,UA\ZDI\F\=Dݤ\?A\$\0\0\0\s\Nt\߇8\\\D+3΋Wo$=\<|s\7\t3Ge.rS݌ꐘov\\1}\gcfN\ͳ\\\Slߪ&8\T?\%׭\_ȶ/\75@*U9n#Z+\\SXx\H\\7ѥWe[}P\\ۨI\]\ΠĄɩ*M8*T\"<RW)(^ym=j>R\2\{Y@s	w\^x:_?J=\'OQ\Ǖ\0\0\00}\ޖ;։F<\Ws\ \r\"j\w3в㑔Cb\6id\rO9LO>%_n\\&$&T\A\Z)>~8~\ZV\*\\i\(w\0\0\0\n\Bբ\'\U\k8\$k}\"[]\Z\'Wm>X\^\&O\r\Ǧj$\\xui\I5)wk簾\ryNj\z.\t܃#rN\\\\'5\Us}Y\nR<>\\{.>Bݻs\\/%Qٝ\\r\D\oZL\bod\\\c\8\'OdJ\$\\{Sj-F\Z\S)?f=\1rs\UVQl\\qoC>_\0\0\0> wxм\\ r\n\"ܶ\|D\t.nNX A\Z\\O,\O<)\G|FO\_8HW\A\M\Kg[t8\\0\0\0F5/\\8\G\\{E:SxO\\[E\1|\\PDuz\D\혧\&\\1R3\\I<\Bi%\\ƉQ\k\9\\{7m\\`\W\"J5d\ht-Cc\%@@\\\\o\E[\\"#\\\c\\ǏU\nf4dH\}bF\I͞\\wU\0cM);ɭq̟)\2\VI1㢜!i\2sM={fp;u)y\\?˯\\W\0\0=7\"^\'k\.j]\߰Oӓ*8\1\ZoT\rZPhDX@\n\:´\թ|\b?ύ5׊߹\\"\k\1}\. 02s_]}+(YH	Yf.Aϧǩ}W\2}=ůL{q!u\m\?S!Cz\gc=/6\\Z;7?𠨛ħ\'\0\0(zxn^c\jo\x]4wTG\`X\D\]*GG\0c<S\T\O\7f\3 GM\Q:^g\\\\\r7Q˪5Ծa\\n\ѷ#\\UHR_`gO\[Yѭ\WI\\E`a\nen\ՠԗ\"6\M\"#UpI\\\x\\B\\\r^\J5\$*INLpEr{J&\M\qϔo\8\ٮ+-\ui\';ūPb\lj^\\\0\0\0-Ϟ\8*\\'oZ&n\ce\ۈA\\*ߘ\Rܩ+\B\M !itrg\\"vy\6\x\\ ]yVʓ\ؤKd\L&G/\0\00o(~q+\\_蒋o8\`TjHQ@b]T)b\զ\Xj\D\iyDL\Qk\cTt\\e\Tx\,\~\q\\qqF_A Z\1\\rtm\e)=K\\Wvu:A\/H-\\>ӿK\ɓ\;G\4\\\͑]sBe\Z\9龎:\皈-S(˟E\Q%?\U!\࿣~A\\ϊI\\\0\0>>\ײ\a1\15p\ 	Q\*i*Sħ*vn\.\\\B A\Z@y\?NGr\F԰ty*^\8H\D\^\0\0`d\4p\\ij\\X\֌qVW\(^Xh\}4,\\ŝ2fcG\\"\FWM\\#\<Ewe\+\'P\mwP\]R\C;\\\\\\r@*)U\\DfYDAKs\}D$\ \r\\\9\\\\6o\\句UkĴW(R)-Q\I\bscXd{_gr3u]Ս\\2EC(#<yC\\3\\\0\0\0Foֽ\\rwȟuz/\\\ܺF8F?h8	$8HBQ\{\Gqŭ\)\!9H\\UNN?X\_\=\r\0\0HG\\\rMAݜ\)!(0ͫkiqCK,Qh<f{\3\\rὢ\\)\1j}ҰH\2O\۟-۱[@\ZN\\`Q\\ۄ.\	\\:\G\b\d@f\q\U\4WM8I@\\Ô@\0\0\00FAmO=M	Ƭ\Zp4)|71\\\>^q\Z(>[\\\+\'bԾ\0)\AR\\g\I	\A\0\00\Sa\| b\\t?\n\0qb!DDa&1}f:x\\[׈.\\$\3f\ï\0\0z\y<-\s?\kR#TR\4~>_v\\n\\Z\Et]\Z\'L3s\r#ƃUr5\[D-\Nk\?N~I<He\:U$\Nh{-\\Vm%H#^\)ɓ:,_Eus\Sb\\\_4UD\"F4\BE&:,B\V\3NDg	\"V8̵Rq݉UM:<ڸz-p!z\K\0\0\0\\\\"\\\\7I8p\nqx\\څ@Z(ܢu\[$\ +H\OSJ\qp\sAb<2	R^\\LlR\\\\7\ \0\0;Go]#\bU\\Qi\"\\\\o@aT\1Y\Z\E,(\7ƶ\rWV\\\r0\\&P\\\߷	/\B\GXB\̚\\ǔ\\\Z/B\6m\H\r\VP|Tx20\n2\n\\n\-E`]ӶlIv䦁0\1G\JSS\8\ϦQωϩN\0\0\\\hZz\"!J7Q8H\r<\o\T\\[q	Z?\QWO)y%8HI\\c8ϧ\	\'\8\0\0\0\>;N\\o\\9N\c[N:9duT\0\y\q\Z\\\,Y\gFOhNLUԾa#\\;.\E$\\4=^i\\R\\i!F>}\?x|/д~5,bjRY.\4fK\0s\\2\0)6(\\"1ir:[\\\ҏm9\$9Y,-\\!\Oϝ9\S\\;\.\%\0\0\0~\\aޢs\+\AEHBL\Q疇\]8bHp\\\\i޼5\(MIg+ds2mLY\8UKB=\n\0\0U{\cԹu\ϘMj_U#qnU()\(R\W세<6\U\\}\ٖ\LƱUNM7/E}^\=HҘ@	\\Srn\(\\紾9nemA \M\I]\G~%K\\\(VYJ\\#\3\9fX\\\Z ֟X~\}OG>\F۱|~}\cU\\?N\Ӛ\0\0\\\r\\?U\\F\\r$~1\1\o\\n\\\IE*\ A3)GiN\(5̮1B A2BϾ.S|{Z\0\0\0\GDϼ\N-+Q$@qd\\uX\5g\\NYI\"\fz\)5Ө~MĳOu|\~\\ e\\\\8I9ϩ}Oy`f2\gx~\s\\[ԱuHS7\:ryF\lc%2\5&)\@\d̶(@\\v\8+Gl\\D\\&񛌭/(\&\Zz\0\0~\k\(ZM1\#	ƄN<[}.A ACw{=+\\\Q\1X7$f!$\0\0\0\K\\\o-\\\O\\\\cBĈk.N!S^dRx\"\|\k苢\x\]Ծ\0u{zO&\'4\M\HI,\Rͼ(\q8ޏ$\A\Zm7_ɳ^zߢ\Z\\\L\9S,\&e\>nƑ?\q\m1%ֈɟщ*\LA\z3\Uj2Ū&ֲ}h_~E\\"\0\0\0\Z\\1\G#S_\\FX-X\0\p7Hp\\'\څ\"{&8\-\$uE\\0\0?\iP\-E7R|\J@\Q\\Z\2\.X(\u*\|\g*=\h9\*\\J\{\\GTi@\\ 1BZl\\n\0#r\m1G\z	\h\'\\Q-\t\J>bc+^\ɉ&\\r\o@>\nf\\\n\"wc\g\׺\\ZnE\\\ۢNz\0\07\I\\Q\ \\ǉ\tk\x\p \ \O\\\jo\<A\RωUN\\0{>M}\\0\Lױ\\\\E\\Qj\JH\jF=\a;jf:yH\Z~\w\ǓW5\mPò\.j\\b:]\s\\\у Ru\\1pm=Zp\\\\\\"\d\ \i\\Գ\j\\\-I\7,)5\Ng	-t+l\\o\\\ۅIcA3eVPC\<j~~\ɧ8~\0\0`4u;G.w\.2\A\oXZ\o.\I ͇F<C\\r:\w;8HXzE\{\0\0w\\QE\=Je+U+8(2lE۞/9Szu\m?\\\ضg4b\S)a#\y\yzO}I\Z 	T&gS[DM\nyW[-I=R\$A ;ϝ;ŧ\>ul\Nu5\)>F\\@Odp\X$\s\\\Lrr\O\S\,K};u\k\C\VLϢH.\\,\J$[\\0\0(@8G;N;G\MS(ve\\tm\t\- @F <k\Olw3f\O\\R6yC\\\cI\0b\O\\TÍTwTBIT\Z\k\Gչ\ّ\Bc-C\n)(\",\\S\\\Q95ݼ/R\oR\w\\\nH+d\c\Q\^X0}A\n>	\n\vw\\kԺn=5\A\\"(3\nwR]@}$\ke\ℂ55S)N)7\p݊\\)\1\jqI\˯p<\0@1\Gºٝg\\\\G$D{l\B8B/RwB1OnnjџAa׆\\\\Թ!5b4;HJ\\,\}\	\-\0\0P$5sd\\kR͛\\2م\\).ȳd\\\"FuT\\\kk\\ZS\\Tt3\Rӽm\t\^AҔ\Z_ \Z\ggd\Zc\\(N\	4\r	\/Nxc\Qd61Fvo:9N4\I\\(&\\'i\u\%}<}\Q\L#X\\ %T?ʹ\п1\Z\0\0ft;G;#\':%KEu^\<p\	(5>\\&5̞7\6x:t^g4\1}.FO\0\\\\Q\\Ք\\|c.KOhk֏\X\\uQk,NU/K\\na\G\=M\/z\|K\\-\R;\u\p3!\Y\[\\\:x.\ȖU閕+K\Ԍn\\\mIG\{;?%QG-rF\\J߉6~\\[r^=D=\n\0\0#\uny(5V̯X]\`\W_:	(\\\w߳\"o\A\>>&ħfq\'	\\0\09\\>w\wZ׬%KE6\9*\}q绶,u\\n\mױ\*垓6\\ΤFH\z>;N}\?\S\HF!P+Nn`\r\09df\y(jy\\ֶ^j1\f\0Ѕ<3K.>[&o7\"\yu;A\S}\Tbq\\q谨^\0\0#a\oj\9[\(s\Z\*b:^9$\w/\ \;b\7\)\Z\rR\\\\$%\ِr\\Z\0\0W\yst\]\\\RbvYrab\	<\p\n%KUsS5\?/O]+\Z3j\\\s\K1\\}TjvLmuu\Қa2O1>\@W\.\\#\OGޠv/(6*U2AuGe`\Q\2\:CLgݎeȶg\Nٷ\(Ǚ򙲏E+(V>\WQ\\\\x\0awJ&.61养8E\ 4O\\6\zx	>:\A\vPݴ\RyQ\ e\KcUPr\:\$A$\00\\\wޣR1G\9*\ruaLq\;\KXA\7e\zg\~r\"\&N\t:L\"\Y\\\.b\^\\u\"\PGI<\An󱷉-\(1\\&:{\\\Y\\"L\\dcZ\`$Sּ\v\\qخ?öMAʈ\Ύ)EK(n\v\0\00\#Vm{\(\qqFăfg_/B\,U A\o9c\A\\$W\\\L9I_~c\0\0\n.:_;BMw\b9[Z<Kc|<\Xp\\?kb٬B{\\\ZON\<H\۶S2;o\`pRA\n\aqnf\rl\\\,v`(\ڹ\\B3fQb\T򢹙\\,u\\H9<\.\"\ETNwA!\(\*x2J[\o\Ʊ\0\0CO-\\\0Qϐ$kĿ3[ZLm\ѹs(AHp\0\\\~s\\\$\%&LX^&6\3NRr\\G\=\0\0s\(y\}b\JXN\\\؟|ȵm+\@\\{:\sza\\Q8jOuP랧\\E]#\6C#J\GN\REvSX#5\(rl)$04\"\?_:x\\"2rg%\$ɱsJOp\Q/\蹖\&\:]\\02\6rSk\\a\8\F\ؼ~96A\0\0zN|rVN9G|ژJ$_r\n\t\:^:	\0*?}ڞzZ떜\"vG\R|$\q\'\oN\X\0\R<^+b\\$\q=\\\C}\5֫\ωPw1\S$˴s\0{.5߼~}\}\zzT\Z^\1\\Zsmwla\:H`\\\Q_z%-\UDqp\Cvn\\l\\cJ<fC=@W9]\vC\[%\vny~~\E\0\0?L8G\r\V\"r\\n;\_;S\t-\\l0Hp\0\q5٭\9\I\\\\-@v;\0\0zlO\T\T֬%\:eSGX\\4\\$OPb\ns\"\\\\4^_v!\v;\0R\"d\";TȔRk\\\'\'rIL \\#\\"\5T7g\&ՈD|ϵ\\L\u`.\Uu\B\e\\7$]Z)Sr\\zxb\0\0\]\\>8\\9Dj\\ \|w׎GDvy\F0$\0\w\[\\\(LJ1\׼|A>\0\0ty]\\P\\/1G9\R\&3a9\\\R!B7\I\\ĝU\0{u>SdD\0\RuZ eG3ˆe@:u{\|_ \Ν;\\{7m:z\S\`\.;\ Q5!2}<<x\'N\(i<ִ?ggfK0e&|v\3״ظ	\\|u=1I\0\0p&>g\ƛS5\"G#\AM#E[\Z,N\k\r3;[spa\3xV\bw\\\uQ\ާ\0\\0\0\/\Gݏ\\RE`K\\"km\'O\r\'\vC׽\y\\1e\"S]b\ljڰڞۏq\s1HZl,#\8>Wd9\S	k~:\8w8\\T\((FEh(Ǎ\\nc\\\%\\=\\d]$HQq\X\;C\1\n\0\0\\'\n\ur\(S`m$:Hk=O\F@@\\\\\\Iz];H\:I\\"QO\3u\"3+\0\0\;\QϓOQüE\$7\\$$C\\·\ZV\g\\O4_\*Ĝ\pHeJ,Sb!K#\F\v,\F\Ij߰\Zk^ryeT\²s^$$㝩)\VcIq\/gU\y<\Rl\\\Yw\Cq\0?Ϝ!>\e+tFT1^\\5x\Zώ\\"F@_~\8xRub\\/\"^\Op\\0@^@\\7QrΛ\n6E 寽´Q\\\rW\\\\e\\\'\`\DOI\ԃԧ`D\npbIe\Z\_\\\	%y\\\,\".n\lWMιHq55\#\*36\\\Z\\Z\_\1\]Oe;Rq\NR\+p\\0@\\\bY)\n\<\E]^#Z A\j\\\tؒTRz|<%fϣ7\\0\0] -L	$k\=CVᏳvs\\"S9~)x\'[%\\4m\\nG Y\1vY$fG\x\!(\n\1J\p4)+6GÀ\9ˣkʬ	\AD7b\6I(\r\\[\\\OMw݋c\0\08ݻ|\ъ\AJ;G-F}.F\0E#\ pՅRO\AɊ\)\\L\nñ\0@@\0		\0$$\0\Fu\)1:9YKI\\\3E\R\"%x\y\u&{bvv2u\by>C\/p-\>0E\'\\\'|\\u\'x\\tl\%ZL7p<k\\O\/\\D`\TitQW\wວ_+誊\k\vL+4kۮ\\(\\\R\8\0s\32TLVy\\Z)q\uG\\|\Lnd/\Ï\n\\b<=\0@eز/MY\\)h9J\$\{\?ަ\IA \n\g\-7_=¼\n\\\\\Iڸ\0\0`tвm%\[8G1^6S\\r\ԋ\]\	\\Dݦ\X\#x:n\"%L\\\o\OP߹\@	25;I&(̍J+Γ=u|$P\H\\}\\\DXWK\\\de?%iۚQ\~\I\&\\\)w\\\M[p,\0>\"\G\\&G))\M}ϒ\JO@\0\\'`#Ͽ ;oĢA\BүM\\ñ\0(Nx\7Qb\LJǦ\n\Sf[\s[\cS\\\5թ\}\rSͅ0ӯoc\\njy9߷.<D28(v4̘W+F\ZG;H\!Ţ\ b_W\_8@ɻ\S\\oLY\XQ1\eI)Ώ!ǰՙR\91\\n\ow	\\0\\\w\#\\:zD;H[\P\/>(j	A_W:1:\r+W\"%\A\NDI\\0\o\\)_s\[:֘mq-mY锥R\;E\l\\Sף\E`4Pd(\ЬM%i@S_RC;(y\]\'I1{\\zJ`p\Z7lVEM\U2OZ^\X\P|,6h95\_HMKo\\\ӟ(\0\'\\mJ6\,\)-Z}Ӄ\\H{@\\{\\nR:Hk\gՊY\6\0`dޯ[VQ\䕏\'7Z>IEڟ\T\*\S׎\\o\IBTfd\>N=\L\SG\k8H`q)\ĳy| 2\*\@\22\"r\Bۀ&\e\\`\g4\0\J\\"5/\\8|5\0#\OP\έ۩o܌Q*\ 0\\'驧y\61%\%Y/I9Iu\^r0\00\h\~j]w7\*R\'j\'OЫ`{~\\\"y2ѩύ\G\ur\Z1\?\'_\h\\bf3hy\͐zS\)\ZV<%\6\n\M\^\?I\\?\\o\\\\	3#yy\\\uDHVa&?\3|1\o\8\0`DGkb#\A\4kݻ`\*\0s h\h\~1\*Yh\\\\\r{\00\"\k(>n\"+\rTfR6\\\7\u&-\\g\\\\{\\y}O\ŐSGS߹8AQ.JCk\\\Z\EuS2\V_\!h\\\gi\RJ.Xvs;dd&\q\20oEH3ni\2ϏUN\a\0\\D&X81r\Ըm*]4y\\ۮ>Ŏ)´\V\fQݻ8)$1\\0\U\\\"N	V>\r|ŭygn\Mv\䙩Qh$\ʞoL\M\\\x\\\0Kxe\_?\Z\\M\{.)՜M٪\k}+\\*C\\(\ryUĴ\ \	Xe\\"tREwwÜ%y[q\  \w\%OL\S\X\Q26c\Uם\53\=\#\<u\a\gt(\ouq=7\$y\<\0`x\<s\\iGPRlR!\\'b^\	{@ !	\\n\\/\\j\\ 1m[\0~ܾZn\<MlrNx;k6<Y\)V\\\ɝq\\]Ժg/\\0\nRtXm+S2Dp\\1>0c&\L*`$\0R>⁻H\'\8BU\q\^mǬ:)362\B2_\f\S\UԸj>\'ɿc\0\\+y\:\\s\18G\0	\0\\Z\$vD\I\ˊ\A5Wd\9y\\">\00\t?y\U)\7[\_*}:yOL\\YY%\P\\\'L$גNqJ$\\rr\\\YZb\00ҳ\\y򩴓4Q\&\\\d\\+.MǺt.\IY\\r\g\Y\\մy\~3=\0\0C\e$/`F\ox\z\]8G\0$8H\0\/sN-\Z)\3礜\\0|~z\(]zJL\O\\i\\4\Z̒\rE\6yy\\-q{Բ};\\ѥx{\0@RkϹlt9۝g\b\*)լyA \\'\\'׺\zg];+ϳ\L{dA,4sk:d?c\BmO?K/#\,\0`\ܶ:6n)p\\A\\ϧ\\?s@	\0#\$񖨙rJJ\A\/n=5(\0.\\<-%oZF\\7\٩,\\f\)\Z1;Oퟣd͞rb\\Լu;㞋J\u\0$\\\ZgcT\'8\"g\50\\rnq!\0\]\\YnInR	h\?\wL+\V8\\\\\\\56j|~~[t#u1,\\\0\wߣK\\\'Q\'1()5-g\Z%j#k=\	~$8H\0,2NR݌\ٔ\\ \*ǋ)m\>G\0\00p\\p\pǦ{(VV)Z\\s\\rdcKNe;\!S\Bll\"D\\)w\(D \ZM\Xe1}Zu\F\3SAT;$\0\nE̚\<vǫJx\cwv4Xqy\uڴM9e>S\9n\Xָvj~\\0i\\\?\<A\¬ l4y\\ۮ>O	\\#h;\7\m\0#\\$]ŚT\r\&\n0\0^߿N̚H̜8`\oy\ʞ\r\\*\$ut1\\0u+\ē䕏#llxIFò\ylub\"\Jj[\7nƉ+HJ9TGU\Hgʻ=C\,$\0G߹6R\\\#dDcv]\ue=Nr9\\\L\\n~\\n--\vP\s\\\\\0B\_Q뚵ԴlE\\\GHw\x\\կ|)\0H !	bc\"^\'>z\\ e?c\o\ZW\F=\'>\y\0\\`:J\r\P\usBk\zS\\Ύ%+>6\\a6n\tj;<-]4TR\Z\暎mS\\#&OU]f\'|\.\ pe|~z>;NQz\Zy%eJ#&eT\ɤ+Pp\#\G5\Sk5E\\rb\,O\^>\0p\p˽\\x\\\!ܹ+־a#N\0\\@@\ħڭZM1H$>(\\nju\r5? \\r\0+\sZ\XGMKo\\rB\1g\oP\\ڶ˳\Ms\ɧ8Qp4.X*2\\$g\U\iRR\\(x	st\XvE\)S)\\\K\0F}Ͽ fX$c)*Tg\'\ڨ\rD9Εx\X2\\Q\!\3(e\\)\M7\\\0\0W\\\|>r8H|D59\*	a\ A \\/L#\AJ\\'L\\þ<{\\0@?\\{\S\\\'\ \\tMNSX*NU\NHc&_\\͜K\l:\\X\j\.Rptڼ]mXH}\?\@1Ë\\{\ZkRbr\r\`HQVH3s]$۹/AaW\m\\M5>FG\@V;\0@\~\sꮝYx́a\ :\9\\cP:^ƏaO>\\f~4:H8+jt{[d\z\]i}\~(:x!Y\$%|a1\\gI\\3\Q\\p\\0\n\wޣg1\\r1Kdrzp\'H}[\\n\^\dt\r5o\J{\\\r󼍼\\~L^~%\\'_\O\\+N ;ʆ$_\\7\\\蒁H\\\0uoˮ\Զwp۞{^,;_?J=\OP\\\P\=z)\\\|Թ\aJ\\\\Z)}\\	\\D_/\I\n\9ͤ\f\ #rm\\j(1\:\\y\\0\0wߣ\\23մG\O\wI̙\'Fx{N}!p\!.:m{\#\r\*nM\\e\Is\0\\ ~qR8G\r\j\f\n:y\\Լq=8\p\F@\I\p=-\Ց\ \wi\8~q4\0J߁cV\_r1=Me\$:j\\#8\F\\#\{\y^q.x\Q\xJLA\rޯ>\;#>=\gE_\~~(u\zZ\\E-<\^?m\m\[SdU&\)K\\hH\x:H\Hi\E\\*\nR6,[!\#4?:^:(bx}^g\rFH\\z>|\\\\Z\9\\rn\d\\Z\1%\IW0-~IR\y\M\7\3\\\\0\0`淏>SS\n^-\Ys73\Em\f⏖\Y\x\/׺wu:1|6,R\r~?\dH\@눼lq$\{/R\\Z\\)hI\P2pI\Z$ߟ\<0%f\MeѼ/^\O\\#_\^8\\\'\K\2I+-\Q\C\;|/\qT7z1=\0\\Sw~O\r\͡D&(\\\G\b[$ۉ2\\JO)Fr\*p&LgT\\|\\\r\|\n1[̙$J\X\T];H7\<L\V|&[#\\\َVJ$:(S\L6]\\q\\\9i\\Ըz-\{~:\K`\/\ym^5\)>JLi&\L9\n\\2VF\Wr\)yc>͵\x,\\o\#\0 [\G\rOޑnp0*3<8\\h\85o\Lk\HU)u+ss\)j\"A\Z$u\)1^p?N\\^>us\\\$\W`\\ǟ\'i\RrFXzi?\A\0@\??I\+n\\\]~\+RGt\nk%c0\Q7w\"u?\F\@}gq)\\U\\r\W^̐O\\\\![Ru98Ry\1?4G\K弐o\Ĕ	sPbi\\I\]\inYI\+o{\·v\_J\O!<E|\	5l\98T\Gvstʳ?{dr؂ǯ^h	%׭Y*\0\=\\\(\RrO\pG]0h{\9\l\-\\Bus\\\x!\YlPrx$W}2\0>-Ͽ\\Iz>\Gn\\|\e\\M>\$>-\6\xXdĽ\0\>w?Aq\ɱ:\k}d&fc%Ry1K\M&wTϭQ\sP\\T:>G\ϩo~\f\M%[zK5FP9\\iY)t\jY0\w\\(\JV u$6\豕a\Ucǜ@j=\ZjzV={@Î&\$y\D\Ub<5Pr1GrL\E\\L{\HJ\Y\n~籷i\̥\GDf\Ie\R\9j~\A\A@s<7\,f|)\\\\0wx1K~\|\060>عu蛉\#\Aʾ\'T\3.\0U oJ\'\f\ V\\X\0C\=\\xF<u\z_\Qy>\w\R\}_dN\1E\r\WRݬZ\ղ=Y\\\#\ia1Xud7\<\t\Ԙ!\w䬙zV<\{.\}& \\\\\ 8*8^E\"N(\\kڿ\SSrrNj\ZT?\ZYՕNR9;\}\7\\n\i\{uL}\l;HP㼅\r\M\jo\u+L\\A\mPΝ0z2K\ͭ,aTN\\\\:!õ0\0!\\\\r{i5ʘA_X\v@\\\\ڲZ\\$\\".J,\N.v\i\0\"϶3x`F|ܻzmYt<\_sr\#\ 忋xNыE\0Z\_o\5.w\V\(*k\\'?\z_x5oĽ\vlٕ*\AZDm\\\\\)\5߽\Z\\(VV(\:HjL\秐W\\z;N|Fυb^&iT)f*R>籴\p\\\\f\lR۝v\\Ul2gc@\\\}\'\\/UdW\A:\r2e(>K\\tO>V>Fӷ\[k\\o\\\v\0C	\^z\_\(]ɹ~\D\W\!\\R7a!5~\růJ%\\\\y1+}BE\"t\n{\/\𛖍D\~_L(`	i+\ ɟ\;L\\?\\nxϑ/(WX=MGA\\\\9l\'i\0	\0\ A\0p\ \>\\-\%I\'iZ\n\V.%:R\\OE7\B\\xpYױ\Խ\aj_7\O]Xv{\kˊ̽n!:\\05\v\\\\W\n\{fv瓢蕼/$;2<\wK$ƕst\?s\\\ɧbk\jjXBt\T_#d(\1)\ox%WSr$JMNM\F-=@=8\	c\2\i1\U#Vb)z3C7\si\\\k\0@k\~Dxo-J;(\\x\\\\ny\6\5\Etp\p\\i\jw35\tx\'RYoGM\"\a\xb\\{5\o~~Z佩j%\'N*v\\Me\&\1^VU\rcr%\3u\\+\-+l=OŸ-VoS*}\L\cSc&\nG\:l?8>sWsC9HAa\bfў;a\\\,z\=<7\0Pi\\G\:.en_9#\\n_\\0#ì}\h1Y\|\\r\=\r:-`p3gz\\)m\Ӳ\q0yac\0\w$\5p\Zj\\\\M/\"H~l\]8H\\ď%seF\_\#b\\\L*Ĺf\\vב\ws\}B\9߆Wy1mɡv;s+\/a\?5\Π\\\|O`\\\\{\S\w\"յE0\F\A(\l\\-6\,G8S0\y^YSKmw\\R\\\0P)?\\[\\:Gx \\?T5Ro\\\\w\\OJe-=,D\89pD#ʊx\\ƛ\"\\\\r\2\A*G\?8(r4xE:\v.1\þ\\f\N\2Jݏ<&$\/\0\}=\`\\g`N\AVR!opXxV\n-=-\0ν~\<uhQBQ]ceI\\rKS\Ǩ磏\v:z:F\\{DԔ;AE\dz\ I\\d\v22\^\'\\C\\ϣG\\W\Wƹ\"2$3;f\\'\\yс-G\\0#~	u=\ZWaH-f;\!3Jɡw\\u:6\O\\\' A\0.|`*[Vݠfkb:)|.\Y^Uqڼ\\3{\0g>\@\\	Z\0*/\=50\\\oC=0Xg\\\d\\\I\\\ńz\\3HǓy@0p7O\9Ev \r\N/-2lo\"\mAgd֒\WF\\9\Z\B\0,(U)|ô\>?\J\x{(9btA63ՠ<\nj_U)M\E\g\M$\&q\;DX]?\BKO\7Bel\d{\8Zqfjri|\uɾNƈQm˜0!aEJ#s(\\ y$\5MC\"\rL&/f3{>;Lݶܲe+5o~ +\mo~̠PKR\\Ԉ:JD\rv\\z\ۈ\C=0\֞pa\tvBrN\0e]eN!;^j\Rߖt\"<\~N:6l\\n\0w\I 7\v\\1ˈA\\k}\SI\0\\2x\\bվ~\\\p\(AAJO\2F+Qgtm\;qB0孏\\2J7\\s8\;oR\\sB!\Y\(=qZd~V\\n\0G\oQf\FQ\W@\'{\2|\&\D\n/Y|U`j>!\Z(Hl\\ckf\u:#\2\"OccT\nuKnW\[\\\\N\\ѯ*eI\)\\ͭi\gX$\'U\>tH(6n\Z,J\\\ZGѧtj\N$Rv&ofܷE\|B\\\zr\wQԑ˩ع \:KN)\'kdH鸼\ܥ\1tn\\/B\\\\\\y\0\"מ:#Ұj\Z\\0G%\\?\\Ĉ\n\"M\\@$DgO`y%7V.\ڲ$b ]p\IjٸI(\ZrΛȑc<Mt<1M\\%8OЋ\0d\ϿUo4#\ 5\)\\$\0Xg\m\锬X>6?\T\Q\2YF<\'\g#o\\Z6\\'bѲ@ہwkԺz-5Ι/D]aU\\n\1y\\-ޛ\^W\\O\\*zU\B2<\\SiRar\/;y\vu!\а|%\/Z*\\9G\"!ץR\\\o\~V\U\sq*j\\\9Ԃ\0V\z!ؙgT\nrr2CR3ԅu{\1]v\R\3D?\썟Dmw\E;Nڿ@e:H\P\醵BKbDA#\̫B\cps)xů~\4j\2H\ \\Yzd=N\1\m\?#G9\(MԜU\r\n$8&L\\ȣ\?J\G\\ 9\˹\\\Hd\\\"ZU$\&\0jg\ϙu4\rЉ1Jq,]~\\&\WQf\Lj\%x\\6jfj3Rc&䪹\%R\Ar\-?WuT5Ը|%u\yQԑ\	P)$(;H\kU\4\$Ӂ\nRa\\7B\\7(\ZJ\+R0J\9J͘EMׯ\{\\\J\jg\dG\\R\+ ;9\$\\\n\\,:TRT\̹\u\"Z\0-\n\0׳h\\ғL\\t1\r\\r	S\\rP\%\'N\vТ@)\\B!.dFb	\pSPI\:\4\p\\L֍+\;\\J\A\\K{lJEǄz͵STe/\Q`.;7\/L^dJBIe;\cs\\׍\ZKvŀ\\\0\4\_D\rSfZ]X\r[\2B~>\'Nͪ=>\0\Ǿ)r-\J\\>g%\qB}}\K\\O\|pޥ~\fZn.Y\(\#\mm\\Iөa\5Զs`7{|IǎI\:H=ёst]1osLi\T\\r=09\?\3\Vhz\wZh\`Pȱ\(qN\\aq7E>Rn\XPSi#W\GTaz\$+&\9\\.\вrx\z\"O\Z\0\xOe5Κ\~cXژz\Z\\ۦ\9\Uir|=\ܢe0\~x{6\\\nQ)g!\\t\\\69i(\o,N.Y &\|AU\Z\R\)\}ݹ\_M\1[(3	\\nw{7y`RYeO(\\rS\\\\+\YM\e*]\B\7e\oQ}Δ?\55L)\]/	\0\==.b\9Nܩ\U.Ҩ\\4ao\`\$\_؞gYTuDx \@a\\\\v1	\,J2LW\\\\_U\DQ\(JM\'\A-\G{_\N\B\;T\,Y\\\yc\Z>p\p&Vr\\0\@\rs؎\8\Mjz{f\g\~<Q3\O3gzq?\n\\\Mph_e\Xnృ\+]cj\X\2E\	HF$&\\\}\\Z\\\r\y \ȫ\\Zs$BVK])gs-\Z\O\Z\\C\\\ A\n~ڼr?\Kc\D|$\Ͻ\Z>˰VHAd\2\\f_Z\\YX=i͍\0\Va\\\})dXrҙAuF<\C$3:%2V\W8f4%\N\vx|v~ࠨf\q\=\0e\\\Nv;\\pج}\\\\rxc)mOY&\g7E\)z;Hê\\(F)\'܆\	u^鸬H\48H	\ٳ~?xHl.j0\&\MfWN+ػ\mwRf\Bw\?\S\R\ŉʀ(\Fx/UA;O\\~hI\˯ \\0\0\	 صe+5L\*ĨU+C|\QGn\n\\\.2M\e\r*\\<\T\xus*D\T \\\ A\.`f_\*M\N\S,[,e\G\\*\6\v\yQC񎈊\\\mg-\n\0e-\ܣJ`!tM\"!Sк\io0k%%:.[A[\\ßs\GPf\u\dO\S\X= \`j릻Rʹ\\\hBjs==u}z|	[r&\sT,&N\"(rT\$e\0\>C\ \81\z:\\DMڎ͘\\=o\ͼ\T?o\_\y\bԼjo0tr\^Mw\#\\rؙ\Z\~m\z󆍰s\0ah\N\57\\\'\FA\\t]s>D-n.\\ZY1S\ \ qX3\\\\>#h\'\k\2b87*=c.\1-\y}K\\ yBV\q끭B$wP̙\\O=xs.R\k`\\0O\\O7a᢬rbiVz\E\;»i\	>\>\5\\&SՖЪ\k\{_%uE\ntl(x)ݾ\ ]\a%Y-\wSOPG#Ph7]c:UN9a\n\>)r\Zlo\$B\!&)=\\\،m+\Pu\\/e\'o\0\ߺ{PǶb:\6\\\@\`ǅr*\Ú~{\}\"%\0ϡ=\"\Ud2;a\QQCТP\'T\nC\J$\nji\0H\q.ӹo\/\AT9`\\:^|Y+\r1sɹ}uP\]\nw\ĵ\\\gGAʽ\:|b\\#*\0Ch\|?5.[.\ƭ\p\ 9%S\\U5=IyJ%\>껊\~Q\ﺛ~\\\\0$pm#\\Z\,9j\L\nW\r\,zM\M\nu\>X\\Ob dI%í\q,K䧐ij\ҥ8Ir\B\Ub+=f\"%kǸ\)\˹/W<u8,1sظ^o}\'NP?? ֭Q\λ줾!oSW{\_\W\\T]\\\zrO\\Qu\S\}\\xq\J{\Qc8\c\Y\!uPʅZ\\'\\\)buy\j\4qb0\`9H`*n1Q7\\_M_\Z\\\\`Ig{\\:u\\b\{E(\s]b\ȗ\p5XY7$\N\asdIfbn\X\\\\\"C\6\ON\r3f+E<.f2\A\ma\1zb]d)Sc&Pڞ\enZy:_{j\ esjb\\\hw\ ipI^,V0\ڱa\oϤ\}*G*kV_|x\\C\l?\ \uͤԤ)J\\ec\\ԋ/VLVGՌ7M\\\"\CBǟU9Rzt\\+E^\\43GxO0G\Q\l$+\'7\\I許5?}$l.)\\"\A\+\嘤_N0I\I\>a\\1HWK\c\Z\\Z\0\\nc\\\ēbU<Rs\`(U\b\'H\SS\khk\k\	\hM\]\\R6\\p\#\6*:\|sg+7^w=\\m\\\n\\u4ƽ+\\\yE\\W;\U\:5C\\`DYЄ\\57\ne\$\q\87߽\1\\+\C\^2\\b!\\a?\Y_q۝3G\i\\Z\\-\\\OF}\=O\+{ɫ+ɺqc\2S\#lڃH1\HOAy\P\1\\\\ A\Z\l\\\\Z9zRIe9I\0\\"-.rR\q\z!\3\0\\nKVd/slш\E9\\\\\\jw\Ϲ:\\Z\<P9\#t1\ZV\\GwP\ևr9Gy&v\\0G5\"#\1NW\A\\yr*\H[!s<L\ܞ<%rZ׬\5\DȝU\{X#\\$\\z\GjݲM0I\~=\Ï\\<_HO\\d\K\ʥVNF\^s]=\!q[\@?\0݇>+*s\\\"\ qL1_hMWϿFvzԘtRrD9jc\~N\\\._)	\P}\\f \ǈ<\\I[|q\\1H,b\Sg\\$^FeK1KGBIH\X\n\]\T\24Ώ;\9\\\irb,\VtC\\\%\\:\\\\Zf\ZZ\A\\\\}a2j\\:\\G_])vXt,j\y>\W\\r8H`X\CS\\r7	\I3\5y,I\\c`ޞ\I\B\\u\oy\Ajް1X!\P\4\;\ٳTs\\Z0ν*G\0p	\"\!|`@hl\\-\ (xD\Eaq\\Bhu~^M\C:׎QK5\jA9VW9nwJ:HS}B\\Z14\\i\\\\'\"\e\\ZMiCC2\\ns\>\\\\\G\xvZ\\78\L?1}\\yN{\^E9{v\^fn\/ͲGy6\\t\\\Bx+T9\t\\~Oq\_Sn<\O\R?\$ąoާ\2G#\IPp	K3!N rMｏZ\z*\W\A\\Pu,\\Yf	ҕkďԻ\i\~h	}B\Lj\Gd&\^j{\	\\wh\!f{>=,l\r.M\`hB95>\5l	\r/Y]K\KS\ͷ\~`\lݣI\#\n\FA\b^凄\u\\*Zu׻##>`\;,l\t ^tn\Fwo\Z0Tkr\rK\L&/?X$jp8\vD.\ga\\00h\\oӔ%JA*Q\d\W\\]9yu^~.\r9\n\lsY4\\\9s]3\Z3c\'\O#G\u9Hr\wQ\L*r,\H\K^Rj\dyPXd\:\w\\w\Ibeʆe+\\\ЦC]?H7gd\\Zu޵N.\';7\r\\|\]\q\,{z\D!J\;`\\00X\\"z{T3ZΔ7\RK\u\=\Q)O=eF\+\n`\K0Gpai!$ `Reuno\RA2nǋ\"M	\}O9GFJVH\|	\0\ \B\\\Z\(f*Y$K]|W9\nD\H1\o\;JB\}Lǎcb`:d9Gc\n\QBR>tJed\XJ\c˶\\'aK\\Do\G\i:u\\09o\s\d\}\>/\u\\vA\$p\$+\\\\\wTϵ\'N՗ѽJ\`)y\\~N~_5ZW;\\%.O\?u\ZX	.j;v\"aPC\n\\\h\.\y݂9\\-#	\yf\nI\ZCno} D.\\[\ \d\)l\\0.?@\}GKz{\޿.HdUosṰS\\\\|R\[\QnSKf@5$x\	m}h([N\ \3\\n.[^&8\ZJ\ M@R9Y)\}\M\zH\6Wogu\"/؈;\w\#s\0̒R\0u|(\\&c\{\\yYX\\0\0`X\(0Hڒ:7d9\\\4Ԫ$b&\jZ\6Tf\\\\\9bRR\\2Cז\yI\)\EY\Jc\n\Gq\-I\?sww8۟O>͎/ ]3\w?MO?	\0\nd?H\tx\\_\\7\\ZǧKu\2|u@څc\\şN#\"`9\_\̑訩gT%XpX\^%G\r\L\ Vi\H}aՌI\\ \\v\.v۸p5^uuVlxw^wx\ZUG\6R\K\P_	\؉b+ڈ\\ꦹ\\Xi6J\cb\;u\N\,\0\\n1\x2C/Yb(T\iU\\\o-hšf=B\cbz9\\[@\\l:Hɂd\E\.9DPy\ A,N_O͖u\R3ܽ\b\P\6M!0\\y\Z#\\K<l\\?q:\n\0\ M\ZB!\\"g\L\	˯\]lN\0=5<\\'u\nm\A\C0Dp1\oޣ\f%X̑\f)\VeEKaR\?}\\\\"\ rLmȝs*bzXVL\\qe\nRt(ZJVۮ\aR.\nv\\M{_4o#\R/F>\9\@ۏ\\\\q\0Q\\4L\?\%\"FAGơu\=\Z\Z\\昣Zr0TXU1+\s-	0\ǟ\8Ѽ|PJB\nt\$#ھ\avYq۹f1\"\ MA߀\\~OIgbWX\\_ȋ41H+[mHs>ױ\t\\p>8(\q:G\f\9\ZXylpE\Ar\\52=uC\]U+J\7\m)5Rd?PˊUԸ`QI2\lbBb\n!\;Hvi(8Hm\\p\A\(\\\XW\b\L\(m\\ }vXlhM\0p\e\';{4D&7̶\\92\1H\s5,]eN\D\AZo)$B\\3H-\(5o\$V\Ϟ݇Z\h\\sS6I)S\\\uP\\0JvQ\v+ѐ4s\,D\A{5$0G\r \r\ȡvU\\ųR!\ \\\Z\He*]8\00\\\#{\k!Hy\FڸV?xS\=q2i#X{`ͷbCkV6~?xHq4\Y\\AޑVK6\a\\7Qׁwa3t5\\\\;!1\r\W\'C$\T\Ot\\0mNb9\ǤϦo\*\"L\\\(9nxǪJIHspP2+\E\l\0\\'D\jrD]!Y5*\rh\\nw>8(9\\r\ZS\f\"\ AO\G9cf\Bǫ{a\ \\n\M\-8He\ 	Flk\0\0q\c\\GE%%JH\\\'DA\T5C#Zox\O{0\޾2\Vd<\i&ɜ4o\և(\w6RN!L;\';o\](\t{A+G	R\\\n\\t\Lp\	upS\ԲeuxP\`ưq\\Z\\\Ts\\)&\5~|옔sحhٮ\\r\0\Z\\2o\fzʜA\'\\&\|;Jw\?D\\e^Y\ \'b[y6i	0\{\9\\0+0)\\] \7߂-Ttm5\#\"\ QV\0\r]Gͼ2/\n\I\[2\\^p\\W\U}(\[NՎ?ZB#~belMV\\;\\	/7\yl{RRBJuι\Ӭ\*t\\ Uzw=Mw\Ki\ΔQ\*eH\\U\k\\\\D\e<e\0tLQ1BF\\\x\l\r\r\0\ EA\p@v{T\l&\3HɱŊn\O\V*A\\N2u\N\A*\$͚G\vц\nvy<<ƈܞ1H\t+Z\0䕏\\/P\\-!9	\A+c\\\K\s~\dr\	5Zܣ\n\\\gs2Ͷ\ѮByg\\Tg9&ĩ\;\*\Tj>\je8H\\$W֘\6y\e\n7\\"\y\ U\\g}ݢ2Vʟ_\O\Vj\\\y;rR\\eki-cautޚѢT\\1VM,\aK\|-B|\\\@W0\\!\ε|é4b9_0GTB&솩3KTΏf\D~Q駟`̝\E.R6_u^PA{_G.\08Ѻ\a\\DNX(\\\?rN&U\92*P\\"㜟+撸,\\pR#\s\\\6<\g\\yOUӆϩ\\Q\\\\|\}hc:o\\\q;K\bf\Z6a7K\Y軆!ĮR\\cԼ|%9J\dzeC\GJMJM\R\\\/;qG+m\+$K\\pBCP_\-9BG\/\\\Z\\\"]ъ\0C˽\ꘟtwY1Hg\ڲDVS\)]7>)R\\:G\jX\ A\\`SϢ\r%0H\ڱT?\*j޸OBoㅗm\S\\'Qa[\b\&Z8J\X\=7\[-wJ+\$B9w\\\_!?\bvdj57+\#\*\6\Z[O\r3\\nպ\\ZM-\C\CZF\<o\\'vZWICdxstW*\?bE8z\\5\"!Q\34\kvZg\3)s\\b\"ZaNo\Wj%\L(\H\lDL\|ȔX!ٖ\\HGn67\\,ݦ\9Uz\|\ǜ\n\S(9qJ64\"eV$\\W(,3GQ\$%pR2\1cɞ\~~O\0[Di\"$\\\b:o^kvJ\\(Aʫi\Ε\~\H\\<_(lFAJ,v	\\)\wY\\^\pƴV>ʄ.6!3J\d\{[`\r\,#\Tz|)j4\\Mq(YR5F[`\~~tPj\4\0I1F@Α9\\x~{1W\zj{\q\,Y.\\\"Ly\\Z\\t\oa+Uka\Um\\0I\'2Ǜcd\L\{\-al\}uMC\P\-2RX}k\\pM<G\\&\VhC3H\(\~Y\3\Y$^9T9_#V\|$fN\0\\ڟ\\6ܿ\%\:o.?\Q\\0H\\qm\?!\"/ЊE\Խ푂IAIN3ip\T\ITLbgI*v-?ԎOP3\\ d2\\\\Ջ)5&W\ґKb\\kոf-\\\\ yzoRL1KҐ\ر\y|\'e-,\n\fjed4=f<e\\KT\\}\9Jz\dM^Z\D\\ؘ;\IWN>kom\\nu``(WZoIP\\'>V\{\\\\ijZF0@٘Y9GT\z\r\\p $>sjKre2$W\\y\ja+\?8\"\L;u\ZV\\nؒ唹fb\"\V[q\yϛ\%WwLDoiW׼++$§&N\P\?R\\'\0W~;.=S88y\ȏ(\gHzf\\\vup1$$\xm\bou4\Գ$MΛt،\6f\\\Zf\lC\˯\f*\+\\E\Z\\D\u\_#ONo=3\r\\L/Z\˝A\U94׌ܫ5D*==>wd\\1Hò\6ZlEpG	\\wg\)A\\\\[6?\00ݾN\\"ra\Z\,-p-=eeٱq+\)ngɒ\U3\\ir|V\0]\\kM7\L-7㡭/\\غz\\NyV\\\\:7\\ko^O?m9\QwM~)\Fʳ\\U9cIf5\P3gz{\ذ\v\E\=D\0\\\.\ONKWP\G\[0\N\\mYq}p!/.\Z~\Z\\X!\\gf\kK,\V8.QK\'\+\t|\o\\JEg?E=N8G\w\1\8g\Tm(C\\\ȣ`ӊ*\\<+o8i\09f81_\F\n9\\\\\"\\nA\ۋj\\6S)ci\4r\ng\}\\\/{D+C\A$CR`PB\o\\\b\~܆f\I\Z^-WC]\[!\к\!r*v\UM\\>f\\ϞO\\6P\ke\\r\_bn\#\;\\S_\A\ZiHQ\\\\t5ټ\Rkoq\Pߙ3\Rո\Ɵ?\\9@3fm\g#VPh.|.TȝQt:\ C\A$LXul\\E\\\\3\u2ˮaR	\0U:Ըl9\zz>;$u\_xI\&\6$smm۩_8;\}u6T!\,^\"l\\0\ޝi_UW\\#mސ&g\{>S\ \L\S#\aRj\U8\\|\g\yD\w\֊;\S$a\bj}\1\9rϞ݇:$E&gX\MVy\iҼ\'C횗.35\b\W1)1R]\\M\{^\rUYdHq̒7CfL5d\C3y\&j犘sCB-g\\0Hi{\r\fj{\I.D\'jԎq\@X#\G\z	(?y\(um\F{B\\\n$V̬6T!\eaEAj:a}\'~/w\\Ը`9\0EVLslLc\\e2\laJ<	SG=xH+-7\DsdH\\TԑWE\nO\\B\Ͽ@GMi(]`$o:Iŉ=R\Pڝ\:\@ɑ)Q]H\\\\ϚK\rKWv_v\F\\\G=\j\\\\r&%WyT?o!T\T\'Ldw(\ν\!<%r^K\d)Q[\'j̴l\*b1q\$L$\y\IQ )\\3H\5\Z?%t\K\R\;0\%632;\Qc\rT>\\|&\[oi\n\\7d~ӽp\\?\ \L\5\R\C\\\0:\+\	̞\\Uy>\\\_HM\A{_hC\A&T\\0;EG\wL}\&r\0\i\o\g\rU\\b\ȉ^-E>)\O6/_Ii{^#v6aI6\~\OI-\MzK:u;~\\\Q\\[\r^`W\戲gR#\i\"\qؕ\MgkB\m\l\R\\h=\\n\A\!\b0Hj\a\o\\\n\_\\bqrgx\\Ѿ\)\ P\}r7um{\6\\\\uh\~\ʆ<\Z\\\U~ξj\(d\\\z\=\,^JI^ҭz):\d\XªuUiA\no_1I\7_)y Np\\q\Iz\x\gV6ŹHQõ\!B\m\\y\ri6yU\UrͿ\'l\\\\ޚ﹗Z?F\ShA\"\n*wot8e\ `\lC\ccqph\'\O(>$)={XIE`\ A\"??;,ƲKc\~29j,&Lh\EP-(\M,{)o[n\\\\Lu4*V(*\VH	\y\\\'@b\YW[ν<Q\;(=n%kF\.nZZ\bz5\lGqЀ\AJM\ajOj4b\\n`\0pI\S\P\wÖTc\A\\u\m\\ð\\o\)=yϨu\\\Hr>\\nסl\z\Z۟NTX5\?\)\\~F\\ԎPd,\\7\] Xy4LQ`\5\dvPk~;u\Zv\0$̷^\ے%+!^HC\\/X\T!\N#`4n\\F~;!5,X\\2\\fxo9Loxp\;_\Kc ~uOĒZê!s\"2gr\\w\,\W\Y25\m<᪫\\G\)\\S\1\Z5L\r9\\7̚+X\\lwpE\8NޥF\To<H+މ\\n_\5̞\Q*5\wa\rJϞ\YI\1uO}}Ll\D\o\\\\p\rl\\\\\L\\$yA\7?Srԙ\\2hEr&\ :$75VPN!10\h\|?5o\\))A\B{^g\\\\ҔTfp\0\\\Զ\)\Y2\ յĹ\]lmE\Qf\۲QF^\R~u\~8H@e}ϋE&<1(0Fd=ϙ?$F3\О\N[1\3\P\up\"YԴVK\?y+\@NV\\n)\o\E($Cr+ޕW}rW\W&=kĹQp\0\\\[x\\\DkWf\~\y\݌,\Zӹ\>j3_c͋!_ݑ6	9\Gz\\#LmԐW\\\'JX9\"Rjtjٸ:bT\'N	/5uzv?LAj2SԊs9H`(\\x~\JOA\;\l[;m0\L`Ìّa|&Z0Ӻ!j^\\6\\\\"<s5)\\\\\e:\k$\\1kZ8H\ E_MqHr̄\\\B\\P\\\\5˨\\;\\ß\\0iȫT\{\ut\\\u$KS\"$8H\\í\C\t\\Thi6ŕR\*gY=5vM>IOE\Aڲ\v\h$\u5d\\ӿ*F(8)m\\:6lǞ\y+U\gA\-_\\5\"־\n{\:$ \\\g\\g\ 97\#9?w2\R\zZ\/T\\\\kޱqpuClIU\vOfĵ>:0h\Wg\c\\QcD\s{\ ݅;	9H	r\Ш\)V\\\\\\0\\ 	\\\P\+\\qs\cE֠{\ف\\R\OR\8Wst1&\\o;\\׹9\c\ϘCs	TH\'|\0H戂z}A\|R\\}gb\,VTǟ\@	Դf-5,^R2\EJK$6\NFS1%\zsV\.W\0t\\\ѷ=\\O)m{dP+f(>yW!,\JT\?XM\\ϡu\q\\rي͘$Go?v<{4v\,E*o#\b}\ݛ@\DA=\5@\\LTg\\\O+\\\}\MR\\'Sڶ$eDN\\[Q88^\`uy1M\\y\T\9ܶc\J\~\\\\\dD,\ \\6? bE\"s3HU#Ŋp\5\sϖ-V\8G@X	upD\K\	.Au\D?\d4\y\e\ asuݿo@\8H|\\\[\>˩\\pp49\{w\\{\5\)a#\A-X\|\&\nR\JL\\\\'\@I\G@@)e\1:I\Yi\Z$ 8Zc\k\Z7Q\_*#=oN\\Aڸx;Mtm{\Zf\c`\\𲉖j\\\\\~e\]ܦ 侁h;H\\ mO-\\Ho;܅\Α\:#\ψd-C\\&Ε\k\z\0\\\\\j[mCaR{a4ir1\\bC{xi\\!v@i\\GԼ|o8zB!\\r\M\\]&;(B\\Oȝҹ\Ɇ\t\X8H@ڞxR\R\ʾs`\,pz/\X\Ukᙖ&q\\nj}]<{v\\"\Ab\?DT4\rY\ӫ\\,\		(A\\'\\NN˪5\ځS\r\r\I\]{e\\:Ts0U\U6\\\r\nUay\'w0Vk\\\hi{s\\\0H\\"tz\09p}Q\!\6\2H\"\L狯 	1#ہ(\ւ\ eC\j\'\ЇFRyŪ\0H˳j7 R\7IjyL},~@ҟGNEK\)z\g\\|\}\rs\wt\@iR )\i_\p\Q~t>W\zS8H`\\#_ү\ U\f$`-,G.p\\C~9z\\CԲ\c$\\ntـR\g3\\s[\'\`\=c\\\\\u\-7 z\Z4\h\|B$09\\?jZsS\?⡋D\Q.<\پAR\\\鄤;0	Pi\&c\\")`\\\Z=6;o+sI5\k\\\ހ:H:mH\|()\\jM^\pidJv⡥[\A*.8H\(ۙՂYa\\;ژ~uD\	xCW\&L\\P\\\a8)Ygw\\\eC\Uv\\l\M	!_~ى	\ \n\:\h_\m\LLL\b\'\A8~?<C/٬q\yr\2\|	}Q\\\ak\rSfj\73\\b6f\f\ v\"\ &N,B\\a\\\ oa\\\Q\fv6\Db#\&P	{\Kz\Ǳ\::\$~\c$\G`\0\\0]\Km\\1HU\\\"g\\cT\5\r1\U8jj\n7?\Mkn\EO?Gm=a\YX@ӵ9Ym%\L\\\\\%;H~_M\°A+С$4\0\\Tj\__m\)T\;Slm{=O<I\^zA\\ yM_FȻc#89JIo\7\*0H#\݂D\KF=LV	\6\rg\\'O+\'\^\q\'\kc\n)5~P\\Whs`@hz!2cX<\"=c.l(\N\ßJ~\?n{\w=\rۋ:_zEDҤ\'O/C\e\\۩k\\m;hA\\\u\n\&a\,{ֹ_\<%Ukn\\p 2K\n\\vvE\'ٵ!\\\tix\V#>~?U(ss\ \Tj~\;\-\sJr[z\jX1F\n_\\\\w\\\n\'\\C3\1Rΰ!\߲\Zx\;\rl\r(/\\lL\\J\e\ J\\\FJ\ih\CA\/\9Jf\ fpKv t\m+2H\s~\U\ͷ(9Hǎ\q/)mXX^_\pZR!G\\ΐd.KS/$f\q;\9λ/^t\\\!I*dI\S\\\\N\u~q.=wF+f\V^y-tV\(8H\\\\O(i\Q\؟\G_\\rF\\Z8A\\6\}\Z3HU\l\\)A\ǩ\Up\ZvD\A\3H+\\n\\n	O;\W\оi\\DA\]i[DPN<\I\{\].\AZtʨPlp`5\ޣ_	[*\\"\\ʡ-<>B\d2\6Ϭ[Ԇ\G\Z(6\ -X	.2R\̹\\{umK*s\W0\#_Cr\8j\\'pEi\N\q\\TmI\ \\\\{\\r\\A9\\\\T#Û	Is\U\"ףTŦq\ޭ<F\\)9z\\\H\R4lUj\,\>\V㼐i3˞AJ׍\\\.<\\Q=\0\ \\\ A*\\\V$\\ 5.]6h۱\\^E	e\ \'M\ʵ\r@\;G\\;Y=Ujm\WA]P\n;\\̒JAf,\;!}=uR3fSYK\]7s\\\\@{\ &fs4bwz\"\%\u~408h\tl\z_3q? .5y\Z5̚K|#v6Zl{~\PckЩ{k\\\\HJ\M\\G\\%hA,Jp=\Tx-G%9F|u!bR2^#\οP,ĝ\AT:Xٌ\E^JA9AJ z\]Ј\\aj\\e+ʞA\\'\ѳ\N P\\R@C`cH\R1I1\q\y	\\}ڟ\CV\\\`ms1UMV\O>;	gEM\5u-,T-\<\9H\\ \\\OE	bյ\\\y\Ɉ9HK䚙\Wς))+T9U\\ u\A\ A.l\isT\n?At \rV6\B2H\=`\\ AwTju< Ө\i\n\Zs=i]s#\L2P|Zn\׆<8\\Zj\&30\\4\\@\ҜOb\0\"Xq՚X^i\u\\6hwc;_\Koy1G\?\@~15QC\|ֵ\`\"*PTZds\}Եe\d	04вq35߳d\B\\\O?\0\~p6\\,C\\ Ap1\Z\\3Աd~L\r\cz?s\\\uLOͣ,k\=>>U[G\rSfP谣u\(\̧K\+l@\\\\\\\T)51\ y\WM#]/s}\P7o\\A2\\>\\\3fS㼅7(\\'\̙\\GԤ锬ə4Ƒ*)d{so\\'VE\\\ >#V處)w)=fԿ\E<LQr8BI\>vb\R\\Q\t	0Ty)mO<Y2ʩ\]8\1J\\JϽJ;԰b1\\s\(l(?:4̙\\\{\\UǪc-z\B=fB\A92+Z\@]o\v-RX\iǾ?D{\ \s|򉤘z\po&(f*&\g/\ 0\T\e\V\\,C\h\:?9zp~\ATj5\dt춛\b:f;\Õ]3E\u\=y@d!5fZ|AW\\P[&	\P\}g\ZR\ \\Pbdr]\\MP\\\\;HC:H\Wz5\kށ\K0He\0⬟s8[\۟\\$q\rQ)B\\72t\\!yA\jXdM=7+\h9$\j+t.ZE-\ɱ\\:B\ǜǹC\\ZbAWZlDӆ\+4/_I-+G;\ 9r|C\!vnF\\1\;0H\A\\B(\'o\0(Ɏs6ɂH\\Z\\0\k\\8H{ja\\0ئ}aaz\\f\\/\nY\v\97`_@y;H`\'l\DM7\\\\C2H7\\"p\\ AݯY+\D\7\&/f2\])Q7Nypw\q\룋wKjM\Vxr1C1o\s<X\\bÓ\\a\0?A\臘]\^Ŷs8\y\I\}r7\,As\s<F$\2Ǩmc>LhYFܢF4\Ըz-\\\xX b;(2GBQq\\\v\\kF\ew޵=)-{~Bjw3uC\|\u%3HooA\'\'\'N!)\\z\r\\\A\\P@4$԰h`z\0\0u=2=\\\\-|\d\c?Hm;wSb\\\R\p3\NeC\'\T\Ұ|u\yz8)\n\'Q\yT?u\Yd\euH|	}\.\A\UK\ E\'\G~\\r̈́p\'!P\n&M\\\\\;\M$\W\Nz\R\\sͷe\6ba\rSW-脮s\\+]`\\t]3\Rﮧ\·	~\v=E;։\D~P\R\uBs[Ђe\IB$:\'a$V\\\)teq C\1\:]\j\x\\۹gN\\uDn9\\pN k7\v\\\*k\b1\-\)*k\'\=\\) \\ E\ATmi_\q5bc<\E\r9H\\5\ 9\\\t\\n\s\D8H\\=\\\j\'3\ZM\[oҿN3+$$V\\6hֈPޝ\\v@9\qb\+5\ `KwJad\\rw$`k\CB.4V\m-\]/l\z@8HmiFN\W̫l\\AsMefYIRt1\\mwO\\+\$oqB0E\\TO\ntR,b/\AJA.-\ I*V\\Y\~}ϋ\5H9H1=\mI3]f,1{\\[	|\\<yJP\\	(o	0\1H\r5;H\r @\\\'Aܷ\ZYF\r_\RZ/\Ͻe\nk_;\\\|*5-X\R:\\wR\\vo+m\\vg\\rw\\Ȭ\Z\^\\\\\\U\U}}^\\Z;k\+r\\na\e96\\\zӭ\"a\\.{e߲bU\^srq[\\Z\6a#n{De\ \Nn\\s.M\\\\\\\cæ\\\[׃\ \\0x%磏\Sϳ\\CWl|N\~usV:v6f6J\2lS\\^;\\\|\n.k\|\8qq87\\7G\\\W\?\*yj~%l\rE\ՠ\#_R\G\\ޘ\-^#G]\\ϑ\\\jUhom\\rw\\\;M\\pܗٿ8~\"9\2ͼ\=Gt\9\\7G\;\\ϵ_\w\_J_x\\}\\\0\0\0\0\0\0\0\0\0\0\0\0\0\0\0\0\0\0\0\0\0\0\0\0\0\0\0\0\0\0\0\0\0\0\0\0\0\0\0\0\0\0\0\0\0\0\0\0\0\0\0\0\0\0\0\0\0\0\0\0\0\0\0\0\0\0\0\0\0\0\0\0\0\0\0\0\0\0\0\0\0\0\0\0\0\0\0\0\0\0\0\0\0\0\0\0\0\0\0\0\0\0\0\0\0\0\0\0\0\0\0\0\0\0\0\0\0\0\0\0\0\0\0\0\0\0\0\0\0\0\0\0\0\0\0\0\0\0\0\0\0\0\0\0\0\0\0\0\0\0\0\0\0\0\0\0\0\0\0\0\0\0\0\0\0\0\0\0\0\0\0\0\0\0\0\0\0\0\0\0\0\0\0\0\0\0\0\0\0\0\0\0\0\00tмr\r5]ET?6\\~?\W\ׇ{\\'c\ft\\v\\;\z\l\\#\\%\7׺h)>}P@\8Ml\S\ש\5=iZ\\wnKN2\\\\\\'I[r\Sk\\/V>gb;\s\\krnk\l)Ͼ\\\io\\\׫\J\\\\_\\n\Ah_\츗\g\}_u\\:\\O~p-W\ww?\\k춏\o\^[ᚦt\w޿ɞ\t__3\\Gye!%\B\M\\	\`8H_S}_\v\\dO{&log\\K9\$g0YyMkNV\\lg9?5\iS\ʹ\y\\2o\\c\\_|_uפ~??M\\gV\\K\3-=}M\\u\\Z\׬\\\^\~\\C\˶\ng-:\I\\\\K)\,\\_|>$ۛ\Nu]yw\>M\\\'-:AsMvTsN\\}\\]\Ts\k*\\'=u{\6U}L\{ΤS\j\S]KY݆\^\\\\\\yV\\۰\\\p\\pW\\רߛ\޿\\\_9\'\\\T\j\w+\\\'&\=%otUkWiOqOT\6\\T\sϪ^>6\~z_u\\yִ6\\5j\Z\\\\6`\\BL\5v\\*wڤϛk\\\YaUkV]\\ּ|%\\ 5X\Cn\\x\0F\8\a՚\\1mK}<_|64\s\q^\\|\rê\\>:xn3ܧ\\ӎ\.Q\U\\\>\\\J\5yMxƇj\r3\\\w\\mϷ?\nck{hg՘\Z\>\ry}m\|>V5ucKt\Odkbf\0\\}\\\\r\{#^<\ȾZ\q\k\"w\5Q\߹k\&#۝\Yҫ뜮\I\q\\\\;b\4\$\/n>kI\\+\~i\_,\\=V\Um\kS͔\h/\\M\1\ԏȟ\\;\tG!Iˈ\Fﳤ\P\\\7/\ep\Z.dRIc\\\%o\ܹ\s\U\j3Lɯb\4^C^\\,ݫR_\5\\n{/\+\x\{b\6\@\k\m\\%ql%輥>]B\xAɑ\ pXSz0]\'pӭ{X\\\\\\-zS	:\\Χb|ln\/8\w:KKs/-vе\@\[oX[Tb2#9k\ؐ\1\K#`Pm\00Kh{\N\K\oS\f\\np}\s[K\\e{!hR+\Lp\A\dI8HA\'c^\g\\n\7\'\ZT;r\{ư+bA5k\{\\W\\\f8\\B8\vRkjR\c\\\*qN\o#p\ʀǝ\{\6\|q\j\\\vVLm	=-!\\{T;\Z$0H` A A	KgJY%\=\AR1No\9w\w*ϚJֹ\P\K&\\J\\v;\ՒG\{\;i\y\\>C\c_\r\5\'\\M\oN#t-\MO;\/\U#%Ka\'\c\#/(~KBi;ƶj/\ߠ;V\\\V=Ykq\*MKem.=\a0\\	:\{MAI\J\\f\r\eKafl\\nZ\=5Y\qݽRWw~@\\\[!\<\\?\M\kBy/̀9\;WI8\osޱ<\5\~w\dj\єlW7\[	ϸs\L\0\w«\0\?/\͡USm8\kK\+ϕ<*3`.m>	\\L\\ij\Yq\5` A	\0	$0H` \rd\\tV,\\r\\/X!;/+\s\\x\b.)\oTOL\n6%\lAPr\\\ڊ.G;\:GB\\\X!b\u[|\J\F5n΅\Rp\gy=ab\\{\[j;W\\	Rǻ+;ϛ7`.\(1H64}\\1uڈ\\\\M)_Qw\\|p_Yp\yn=\\Py\ߣgXL\\"F\L%{sH-\5\v`9O\\\q77\\YݽzZԊ+\ޔSs[\\Q,M\*1xmz\PWȦ/g\\\d{q\\c#~Ai_~Ͼ\\,\o؅Ab\$$0H` AǎS\q9$0H` A>TG\N\\L/\Z7A|0\z\M_+@9Ek!\¨c]E\sq\|KWjtT\\Z+\8\rɛ\b\zLoT@Ί69 oK\\\ɨc\\\9G\|*S_\\\:+sLM\\;w\kKqud\WMk?U7`\\ziUӂTB<MLR\	G\K3\\%\rT,ӱ\r\,_A\Z}p8WUd\(5t\fJaW\ӵ)/\(&,	#\Iv\GL\\ӣHR\2\\QaRUߑ3&+z6\D\\+\%MhlĐ\T\pͳЯ?\xn\\hJ\\o\Z\0\`\\<\x\n\\tkTV\0GW\Y\3GP.\\\Rc\A	$0HQf\Z/!a_4xpZ	$0H`\ q*\$s\"o\11\I<\DިQ|\r%ïVjIVӬ\\:o\\v:v	\}w3\U\n\dW\i*\'$g\ݞV\oH\q]GL\y\p\gU۪\#\G\*?R\Sǐ\R*\gEC\\\O\u^\\3f)sb}ԫ8O.9ī\@\74C֪(\\t\sL\ZXA4\CԼru@\Ҿ\'\P\Y\\Kcw\Zs(\\X>9j\o\M1s/yS\"_\t\\X1\U9@}au\\\\Z/0G\%%>Msh4Kn\؄d3{\t\4\\Mo\S\(5\Z	$0H` ` A	\%0H-\j\*ӑ$E)&%V\o߯\P}>kI}\8u\T|L7a7]\\$4eh)\I8@f\kT_7\i\'\:\\u,#\ GS\PpU\޸\CV\\됺l\a.\j\O\\\38GAU&|\CB\i~Fq\~tAt$ʜ}5ng\\\\5Lݛ7\|f]hH}Z\\-zzΩ\+-k\12\0/\\y,\w-1\c\g,\YVVK;/3-\58\\Z~!1l5Ϣ\XC\>Y\otm{\7T=\%\=\W\A\n\ v9H)\D3M\R|ηPN\7=fE\Z&4\Aų,\\sk\:(x\nwQY\#\\`\\.(hi?\_]$\+\ `($} \V|~6WѬPމMj\bwy\UkBk5U\0w\r1\V\L\T0\\2y_-g/Ac5r\:̗75\\ra\É3ID\'3K0[\vTiYx3Jk˹\Cտ\\n}\\,\o*A\r3t\\Ͻ1}J\\\\\)\Sg_%\j\3k|;PyAݹ7R£T\043&\\-\Z\i\KSBKS\\n_\"g\b8]\'\kL;/\\,#otM\=\d(\Q\rY??\_C_kJ\\D\Sk\\\a?暑`ka\w!\Z\[01\\\Y{<	c}\+\G̈c\rECR4BJ2\nbu^\B\\ ]i\\Z>\5iX#HN=X*\\	SثuW<\Z%aVc>\{f\\\s~m廂]굘j\ߠ\o5\\v7Kg|;ӟ2J`\K=\a6x-I?\^Yh\NBcPJDN\$0H` A A	Ke,]\iPL(z3~Kj\}XP=}0ɍ8K\nO\\|+\1u$Wt\\\qӣ蛬k\jh\'\oR\ h\\v$%\'\0-\7K\r>\\{l>Īi\s\b,f\WvF+ʸwSY\\j*s?\0\k\\g\\\AL\j\\\υ7\G\\%\Gc/ʼ4S{#\~\\">\'\\2\\ŤȰZ\Z_ebar-Bd\\	pOy\F@XP\/$\\gKtM0; \ǊX{j\b\|+9\';(\/\\Jc%]}a0:?f;=C$0H` A{	$0H` ])1r:Ag\"2L6\r5)#$\$)2+\+^\\1S]9\\k+k$K$	1pW\L\\2±T2Hڇиɰ:5@M[L5\E緤\r1\r \n>GeKaW\Cſ;#|XϦ\3Q\]r9\>fkf)\\ <Z\9u姙,̨\+U\紪mҢW\*Y\2?\\*\g\\1N\T\Y,\XX `\?|;K\"\*\n\\0k\ZNm8s\NC\g\,@\\2\b*m1\t$0H` A{	$0H` ];7+a*jNjs\\y\\ƔrJ\j<Y\\\nPKhނU\\\*yjۆ<0U,zL\YעW,+\\\\\?\'\?!=300\0\#쫂!(!\\0zUЋ &\=\8\'$ϒ\t\뜜L\\\zU\W\O\\G\M}\]\\Y>6F\\~碿\n|٨\i\*ʦ>]*;eNؿh7\"\[9O~q\Q\\(Ei\\L-\o\'i\ZŦT\4\r\+\Pٴ\S̈\\+k\n)#\\@\בfzj{C)kM\۬>\"S\<U\z\Juje\\$\wb\r߾\W\\\\Rβ\\C4JAT삞\r1H\ D1H\\D1H\ D\m0H˕\T7\z_ҿ\K\e\%J@7K\\m\_wDJ\G\Mmr[Ȳ1\y^\%A\m]R\9#`ѕ\BT\D<\\r\x\\\\\c\\'bdx\K\5=^5yVEZ_	_yԲj\ꁔ)}MM\`b\TL\\\~t:\A\ZX\+ɻ\^5lY*\_W8ՊcQ0?	қ%Egb?Ȟ#zN~RDR0:\'@d]Z\"ymdU+\Tlw\I\}~=\nU;ͣ\\\1JeCݳh;Y/\\\OX Tշ)dAzij5@\13/\b\H(#\B\mk\no\׾EUA\\\(#X*CF\ۚGLF\9 \Ps\nfe*>O*\\\a.;&vR_}uo9(\n\a#\`l\\\GιN13R\"^͈\\m\4meQ`\"g\׷lr\[\rߪ>\7\<\\9\ \rJ\\\S\<F\0\\~|h\;eD\\нT\bش@Y/\\~\0\\el\g_\mA7\r\\\\\t\%vhv\~\"\ܻ]Ҁe\\3\0Ů?)v0\q\\.g*]\\%\\Zn3\3\#]H28/RH+\\3$u\\Z+ךۏj~u\r\E귺\e\wǬ\^}\\A\]L\sܱ	\LS9颻qϐp#\\{ZmGa\\dF${س8Pu\WÕdc\%\\	\\t\L)vwA$Y<o\';S\u\\\k\\R6A\	u\\\\:G\J\`#>\Zo\;z\_\1\\\\\\gQ\ߗ\yVm\_gC\ߠ_qz\XV3hOmvbͺ^\N{?\!\\\Y\\\\mu\Q\\<kV\D1H\ D$bA\"$b Ո\"\rR]\\\P\\^\aI)-ץﻙ])$ě\&P\nB T\!t!\@u	\\vݽ9\ϫ+E\9S	Lh\\V^\"ʵ\T\o*\P\y)m\G\\$9-iЈLX\i{\\d\1ɅLe?0\sbohY2.\7aP\n\d=MX:ѥuLäM\P\\ \rV\n;ץL\{g؃\)1ӂ:@\nF\{\\g\[\\)\\\+\'A%CSߋ\\'P1\L;fͧR[Mi֌8\\Yz-#eHmDٯ\*fp\}\Z\\1ۿ{_+oFL%gT9mT۹{Xؑض9Uږ{ܐ\\W>jp\\}\\8H55=W/_hbA\"$bB\ t\=y$bA\"$bA\Bb,o43\@\lk\"7\c\O:\\'+\+ev1b\r0+1gQFPQu\\мւ\r\\(:\\r\P\yKt]Q\"_mA3y^2^\\'	kRn\S\ԣ.\\jj<QTU#!\0%Ѵ`1\\\"9H\g\Yp\I*W\e\S\-K\ub\\quFD\'\t5/묒36|$\rE\\\\ЂI52\\\Sr6|$\rE\"\ՍҲ\ZC;%\\rZ2(dUG\\F}I\=ϓ\\\Zr6\J\}\U\"\{\㌀]~\^W\=k#\ric%^HᒅD1H\ DR\ \r$z:\R\-Ǔ$bA\"2HXJ>\\!O3H޹~\rHS\\&\5)V\\pz5T\\"\1\S+\c\%[3xteSZSQC$/֩\\\L\|\~KZ/eV=P\\\CW<_\\<ƾɛ\bU\qe}^Mx\rE\di\\\Z\\Z\z|\,\'\\\WSoݷO\,\\\\\\n\U5\ZN\\hj\T\xw:\~tlجKq盒k~\j\I~R۠\\H\\fs\y47u\j\r\M\1:kXM\\.\j>_5bY]ycz\/+\K+VV\D^^O\]/\SW\Ӛ\\u%6#~\\~`CZ^CqxVo䮞\y\7k\s\\Cۿx=·4E\r\/^m\ļ]Q	+*C#\u\=kA*\\A\"$bA\"$1H\ D1H\ 	5H~G.8E\қGWGԇ5Rū7_]O-\SG%\^.ۑ\\jMtݳ\o\$6\\dsëoD\)p\L-H.b\rhk\~\SH](\R1?F\\Z7g=2Rَ\C!\]O\.|(\\B5H\ -dR;V׋ߗ~ږJ\\\IaFD1\-\8ΊᣔeI_\2;eO\\\6<!\\̷\_\_Y\\U})\\ރ\/RqQ2wV*\n}j\=Ub\9T\T\\\\3C\E?$bA\"$b\ D1H\ 4\0R04D\AԿȕ\Y\QTfT<#Rta2FɩF\\ۖ?<Ds\l=\^\s|n.#pT!hDE!\_g0\r-k\h\\>-<^\D\obc\\\}\)\įG\fUοʜk\\Kd$g\}\A\Z$\y7$4\u\\_u}@o $؆G}<\Z\\Th\SRKddY\+ݐ&\1jPV\~\תD\Zc@\a:oi\O=\ؼ\\+uϚ0i}j|\ľOC\:uݳ)\\gLF\Zz%U-:uϲZ?e}\E\U\'+~Tyx\ORSr\05_;bA\"$bA\"D1H\ DR?1U`؎̐\";\\\\q\|_L<>=\m\pS/s{Ǳx?$*k\-C\\G\\\\4\}\Ι\\U\,΋\u\\>M}\z\AljHο\E=>\ob\\y\q\e_cQ3cR$>\,\\\x\J4-\\B\`0H\y\rnA\,\EltL\,\\<\ɀo$྆K\c,\{\x=\\r	xl~\\ϖ7c\Zr\9\3}6\\c꯭y\A\\@S\\\Z	`\\gC\;l\{ZKt8#ʳs\g@b\{^\S\\	\S7ǌ\nb\5f\:~?N\\\\\\\\*\'\\Ą晴|\\\\yu</\Q!?.vN+\\\~p<\cp\?\؀}R\*TǠ>v1*?_~\\\\y|\\x\\"E^v\\L&.:黮r\\X1]׸\5\\v0>?\\\\Ek\\\Z<b\7eIv޿\c_ˎ/}LU\%l[\2VNp\Բ\arA:\)\\\'\\+\ό\l\m{JzL\:mc\,\_;\g\\\\\j\\\\g\uj|\:3\N\s$S\7/\]\\k_v\cbxNTjqΧ\\\p\\qµr_\	\\+\\\}L\\s\*\sYvf\\\'?^]V\\V\M\949[LH\u]+\'xsf\u\=풻Re>\J3\k\+\v\n\P龶\~\q:k|\\ƹ\\ꬖĤi\2uiY?_.C:q|mk\o\r.]&i \\\\ZA:sI\G\7\:}&]\z\@ @ @ @ @ @ @ @ @ @ @ @ @ @ @ @ @ @ @ @ @ @ @ @ @ @ @ @ @ @ @ @ B\K\{<tڱdO\~\i\^ku\.cq/55=t\[x\5N\\OiCą\a\ƽs$m\'nl\\@\XSr\z\4\\\\)m\l}\W\Z\\Zˮ{\I\nۺ?\߱rZB?@o\aa\Pv\\\\\\%\;}<\Unrn>+Ƈ?^_\\MZA\`\__mP6yK\q\9\>\\\	\،\ǔ66\\o\\\\\\\9GWj7\\)\:=^˶\¯<\l\Z!\'W_۠~b纞{-}\bh^\ZuӒ\ߙu\\\Ҕ|)?\~\\;S붽@\//`n祗s\\Z\k\\\\[.e6A\`i\FhX0\-Z\"g\ߩ\{LkZ\Z\8:߼\h}t\r\DO4\\}}\{=hY{\'\\1F3N>|\nZ\dY\'ts\\\uvK\̽N͹\:\k~O\	s\\w4q\.ˮ\&I\"\\h޸	\IED\ujI64ZX\"uDߖ\w6Z`Q]G.]Vk\8w\z\p6f)b6E\`\3\\.\+\:󷡹ײmSe\\\j \\s\6EK\=\]m[9\ZV$)@6c\TV\\$m5\\j^\\\_/mr\A\\$ɅMXn#7N\>Y]\\^\\g\\\w[r\\0\lKے鼞\\\$.t	\ c,H\؈\E=?\N{\yòD%9Hvɨ\m\\ȼ\\}.}\Ayǳ\<\14\gu\;tmD\=$\\\r\\,\'$B.:H\ \n\A\)\\\A\"@\?-\sh{8;7`}\\d\\\\g\(\2iw\9H\\ZErE\5qRɳs泥\,\A2S\a\1K:yp$_\'\\\	\ M@\\\筚9u&)<!exFwe\\\FݱO?]٫!֢\\{%\\t\"Z^\ckl=5Y 0@Rc#FI\^T\\8H\ \n\n\\\')\\\00H8Ǭgۚuзmi \0B\\\=`ZRs\H[~ދp\X\Yk$2E\\Z$r\\\\"\"szݰx9t.x\ǭD\\ǾISv\Di=iLO2\Y\\ǡ\z\AJ:H\}\}-\c(&򨫛\'0f\\b%+*د.\x\8HLm\\eCɌG\\\]s\\re\~PGsE\\;\\\\# f9\zmA\\r\n8MX\xyE\3H\r3\@\\g\\\\F\nБEգ\fR\/d\,\Z\r\1\\KrAB\-1i\Z\=azY\zzr\7\[\&\7\Bvt}:1;k\F1\Ïɶ9\ UH\"SS\$\_\R`\\5J\\\N\n=\nn\0\\\Zy\/sՖYG:\Wapx\\bǳ?\Zܗ\\"*vXEa0кs7\\V\'ޞgM\\ׅqdt2La2\Q$!Cb\u\ \\Gd[vB %\\@ClJW.RMM*\1!,W%E\`8H\ \n\\Wd\a\ncH8\'h\\NQ\a\A\"伃\,S\\s\n7\}r3|\OW&\f\n\\\m\OmeuEF\\\YN똻5Hco_Kϔ:@>\\\nbyn\B+k$ں?\\\\\\M\AڟvdB掠*\Ն5k>\d;2H\ B\ :\҆&코d!{{\\\\(k(JRG\\\JGrM\ڲIT3HəbUz\JIܨ{\;bD\\iA\ZL	\k|Hvw\Ïe\,\A\\5&\\}\F^2\\$\\)h;\Ls9Ԙ\T*N\]k\6)ʕKKm\|m8)ZMݶ4R\BC\<)\\\0D\pi{\\m0z#\AkʈkDŮ\ݭ\RUy\;$\\8	1\\\\<\\\,\\\nn:aq\)vbOZ\\:\CQ\MA>~\n\μ:?\<B\\'_ܲr51Hy@p\ǐ\ О_7\!&D`&\{_\\/q\Qc n\\'7~:C*)<RݢLqn!䢃bXۚrTqddb\r\\rg\\Z\r0w)L5%L\\nSxXKDg0\A-ZV\\}Ga\\.h\fػFv\6n\1$\㏃-;vAb\$_gEF\Z\\\uHl\:\ 5\\\l\!Gf_ܓo\\ۅ\LW\@L=	e:6=\N:uA\"0BߴaS\R\\-j\\dt:l9٢H~W9\ 5?spr\A\n3:H\\\C\NS\JzE(&5-\d#í\.\\ŋ\\:{+\$\"Fpmy`\}A`\ 9&\\0\r\\\2~\6/\oߛ\\")ob9&\\\J\s\\G\g\\d\k\:|\0(\>8\8h\"n(lHx\s\%:H\ \\ \:\/\?c]\?N\D\"$A\Wfb\\\Z\\"]k\\0:H\ \9|71\LXȆA\ݷejЙXoV?\"\$\~k\)6ԅ\U\ra3en\}3\Y2=\b\9HaA\\\0\uX/$|`;\'\\Z\'\'\A>\\3I)^i\ 94μ{\.\\W\Y@H\\\0A\"0\\n\,1W\ql\0\}o׿=N2ʊ҃5\\ \g_\#$B($b6xc?Al\8WTe\ a/f\A\"A)k\\XR\\#Q:H\ N\\CԎ4i\"c*\\LIT\\\\\H&Q;53ɚ\CGѭ\\\ŗ0j\M\\I]b7\th1\&i9Xt&	\ M#咨\'_[t_a\"q0@a \\;\\\v=\ng\^Q}tj\'Ml\"O}x\e\P\H5\Q臔!{-\wB\W_õx !wX\	sAJUc\ٽ&!X0ܴdy`)\eXa\0$byn\(ΰx$ԛA\\u\v\\\\<;k\_r7Ne\L\\i>_?dJz\Z9UV)gGߣ#\\WDw퇯iJ9S\\\)d@E\Տ@ʐJ\\6\d-.f\Og004\nL8<:\{0Kf$\\9H2\\}\Q\ϵ=l0l?4̑\%r*\\ٍwr<1~2\Vς/&;#\>P\FMX\\'i04\;A[o\\rA\Aތ\\FA\\\\\n\^~\rl_fc)GkR{\gj(GMi\A\\&\:\q$\\._-l|ƞ\vR\\gw[d!r7]oך\{kYkY|徣n\\as\\=;\L:\S3)r=\Gz+\7bFtX_9$\\n\֬[x9]\zʋ/qً/#\*-\'\n0r:~;H\\\rt\r\>k\H\6\{<`>:G1k\T\5g\\:V\\\n\wµ\r\!N$\\+4YS+,Z\;X$3fDy\\nlv\ZƆ\n\\b\rY\\ҵcS0Hm$Bلֽ@\;j\Ҟ&MکA\\sd!6E%k>D0|ۣkXG\\SC\Ȃ\\\dv8\Gd\\g%}T\CLy\r\/\\_\&?E=\g9D<8\1\t\D\\}t	\  DxFsiP\\\\\D\\=\\6yߣ(?qo5\ΘW\_ z-\'Ïai\A2<\S\B\':ɈwNa-\u\sus\Aêլ1]AB(\yh\}aI2H\\\,\n\tXԺcg\Rlt%+d\>z^Bם5j\\r\q\\bP]Κ\U\"X65\2Hݻv\t\l\?u\\'g\\\ЋYO!!\\\ßB+\c\bytU5I2Ы\\\\׀R\\\(\A\4tq2\\k9\ a\>J$\AB\\@gš\)	\i\zm9H!\o\\9HTN\*\[\\'m{^}\;H\>kz@5Mݓq2<٢t(\\{׏#[#\aƑRl7q	\ y\&f\lubcA\"\٘u.\n.:C|\h\7pd{!w\ y\33BH$\vrQlj!)\\;)ܷQ,\\捛\A\"\AJ\\R\89HqT%b\\\An9H7\A\nd(\rQlA$Bh$\\7j.\?{_SݘX%Ŧ\	\\"\t!\d!\\^?s\\ \)vEǢq\nM\-̐\~y_\ M \/\n\b5l\u\0?Kg0|@*t\Ev\KL\2\r\3\\\f\AdxN\+\ D)\ 5X\\\0\b+3H\fuD跃D!߀,BY3H-\W2\`_\c\ \m\ \'~\\n&\(A2c.\Z!\\b4+\\޹/\G\Z&\{\\nL\\7t}]~\\\"ft8\JF@ǻ\&9IqI`u%i8؟X~c\\JYpbyfx\6ťm5bl:n&\\֥\L\YCA\\!խ\\+\F\ٖ\\GC\0E\c\\\Up\\/do\'O\|\rAJљC\\\\\n\A\~a\'5HLD\L\[\Ra11H<yf:9̣\A\m3\=\n!nvIe71\P\Ɠ\d\Z\-dl%=	D\\\iݵ6lRKݺUuO:\Tpw\n;~ILm}A7]HQx\ab}9e\\rM\B\[i{b\\ZY9Hv\rauT>/˫\9ߗ5v\\\ E\ŋ\\\\*w\ЋLݼtxl-\\'\\;\Ac2\GP(l\q\<$]Y@D^Kj\;6=E\	\ŵxu\+\lr\|	#t\\Z\|\\XD\FMMEBv\|B\ ]e|4apɧG\r`\\A\{\طq\\\z\\ΧR3bB$l\ٴ餚]g:-\\V芛HWۉϒ\\r	)ӡi\fBuӧI7\r.\rc\\ß\dә$qLg\r2\;\jj\\r4Vt\8\\\i\\#WTA|T\s\݌\xr3tl\BRtm\	uSg@l\haNe(\k~3$s5\\\IX\ I!\c3\ \8d\rg\\G\ЍR`\צ\rOf\ \JF2ӫ>fB`$B؁f\\eY3H\Dg2\x6^(Α\:H0b\Gߕ\ZV84\c\'M8\&#Pۺwn;\\_0u\(_\0`T\Kt(\\U\C#7\*b9T;B\L48Eu\\ɚ\"g#ϑ=\\˖\\ uk\C\lDQ޻\팣\"ۄӍ\\=+C	̖h}t\r\\**A\rdg?6ݑՆ#ΐ3\ ܠCݸ\Pok9\!?&\f@b⽹\ \Ɇ\~@7a؜˗c}ݏcRK\\:I~8H\ B|>s\V3W쵠\B\6!u\r̖hy\A>,\\IBCl&\I\\\L\0$̷돜\*9U\ȅd\\5։?\\"&W\],/`8Ѽ\\L}qrm`6FF}1\㏃t&	\RF\[i9\MZ\\\\nuC\\|\gh\\0\\*X`\ݧKw2F\+t&É:\n={_\3{dgQ\\ZÇUt׊\YT\%J^\\\Zs\Yp\\"1|\_|?^57\&)\r3\\ ɦ}ֵZ$D!,\ٍ^^\~#$\a\\,\M ݺRCvG\#Mu1;\\\}<\r׵\^\b\\\Sun/\Nsa\\A\m\ \\G%V1becؤ\}\uwڈm\E\f\\i0\Ab5Hȫ\\"5^*P^jQBA\"x\0}y,{ڋVQ{\Y\j\\vi\6\AʍC:z`\\\yc?\\w\kds\x|9S1H\ \Z\\\'\Q~\eŠ\rճ\#\r1H03;\MR\x\Jyoh\V>8H!c:y\	\Ͼ`\j\\"b\p߹#k\\T{\?ذZ\rM?}\=tËz<m\1)@\\\/-\m\\\_|I2A\ 9U\ANf\\'\Z\09:ѧ\4v4$\0\\\\ch\,\+.\w\~A\#\fx\\\(]?}\J\<{TQ3\E~n\[_\;\}oK\nvB\\'\ÏB\ \V/_x9]\p-\\f;\>)e[mkֱ<{l \X%1H\h\*4Y\W\ \r,d\l]\|\ڕ\Zh]mי)0H\zQm0!QxshN\rt_\py5\(\b\r\Z\rs\\??\@W1\\)VG\Z$\Hnw2\t{C݂\\y\\\"G\@ì\\IiMgU>\\Z\"\l%&Mq\\o\rMKC}Li@g\\K5~C_\f8q\ʕ38;\:k( ?UM\x\\\Z\\l[4\_\@\?\\A\rPg\gўS!u\ss|J;%E9\\~h\-\\?\>\p\Y!C\X\O\[(/\&m\`5Mt&	N	\Z\A2dhvke*$\f1î\I4fU\GT}\'\p\\Ͽy\rK\k[:Q\;w G=\".\%uwHȯ\lZ\Z\-O\inU\\g\GxMF\%\\&>W\nȐ\=еm;\\+m&i\"͒M#l%L/텞\'\i\ Ee.Z09H\ \\+5Lm\z6R\t\'͛0%:!w?:Ĕ\\\'K\\\cx1J|ұMMT7g\/^\\\*ܾ~chDyzwH\\\ل)v\5\~aҩvլ\|\\O\$B\\Y\0s1R2H)\h\8\<tƿ<@\K/3[\r\z\DFVE\#C!\`D\u#L!\\^\&d6\gΆu\\XNNìm&M!\\Ȧmb\(&ۺc<\K\&9HAR4h杪sʝs,߯\"\r\ R\%\\MQ\BxW.\ 2MU?^r\hMC\ǝ\ܡ)%H7\7\E$\Դa\\I\]B\1\	kP!\$|8\\\4\\tlzڎ\r+ˊAJ-\\\a\&t6\A\"\@\cW?0T41\\r<N/\\'f=0\0y˳жAB\ƹ_\\o 6rѥ\'\\,\=ϼ\u2\~\\\\\'>8\Dط9nL\շށ\ISl\շ\\f\cTױo\\Ar1HAK~PӼeS\O5H\3s\6hZ$X}svֳ\\נm[dK!֡s\44/ZJ\&Jt<j^:>!\o\x\'	l\RjIh=$^$\ztQ418̆AکA;\-D!_1rBVAQqL5\ďdKy`\S;a27\.5bc\A\sd&`\rH}l7\g\\ӡl\1Eg\\Tkݠ-\7ޤ4Oм\\"y3H\E44o})\Q\wR*vIR;A\\'\\G5H\\_/\s1:8sJ/<\\.ޚ\Z\\T\\`\ꦟP\ԥ*w6\=\*\Pk9\~P\Z\\+\\ Y\\'7C\\\&\tl\\jb\Y1Hv+u\+DD!7#dZW?\nhR))6l$=j\\l(O\\;J\6~bf\/\nݻv35;\'{^\"f)7%̒f);%U\\ZǭE\\\Z\=Ѵ\\>\T\e,\.BE\0:?EW뭁S7C:H4ĳƑm\Z]\\@\C5H\rL#\,\0T?}\q\/=\y\\zN\\O6\'h\4E(ˮMS0L>G83L\\\ؼ  :\\;,{\\ 1^;zh}q\\"5\_\Ҥ\n\ QI*d$B!\a;\v$\۲\s\gݩ\dCaֳz6c\rY\Zo2H\o\o\U$$Uk5ymW\)N\`1E\\q\C\<ݰy\v@\k ^^\ARLT3u&v\hZ:>>D6Q\\ \\\Tjsb`}MZ\\$\\8r\n׏}\$-\{Iz\DoeD94z|=ڣ\?\\0	\v+l\H\@\ٛ\1\tw>\54\VErLB$B9H(lh*4\9?BP.-\\\%ۧnl<mڸZv\6O\O\~jQ\\\<\ec 1\>h\]LvQ^\\I\\͙].\v4TaTK`GSj\"v}5\N\0c\Qb<+\"B\\Z@\\0R\\ \n\N0e\\\|z]Jgpw\\%9\~\\#YROb=V\\'6Op\?=]ܚTbcD\dU\c]\xV\yS\9sl $Yξ{\!\q6\\6+\]\\cоq3\ZNN\\<;lGwbZgcuϧ4<C]\\\%Cn\m\y\%\"TN\\7V:\n:?9\쑮\"&ճa̜AJ>D8W\\roZN|LV5HIm|\Dy/4jw2\z2AJW\7o\B6gh]c\\Ru+A\Y\_#{$&\Z\\eG\Z+\D\9r\5n\g\>\\]\\k}\\M9\K,GbL0\\;!>i\n\vY\e/.{\QP7\~hAy\ ͜\\ô霣2D\1*=VE\kMw\%\ĩJi%2r\n\nZ\xe\r\uq\Ā#+LǌYϤ7\&\34/Zu\&3w\x\ͤϹD?Ӹk}دgi\\WS\CWP\rX=*4K]&1\X^l\\_\\$phXb#F\\rdFlۨ_\D\Oy\ D\@2d=ݰߑ \\\ Y\\ڥ˙\\3͍tVXƀQ;n@.3Ht	\mۡs\6{rp/}	\=k\d\TF|\1\\y\U\`OBm#\?\mw)egߎĢm\\7Z_\0d\r\\\c}=\䌖Xm%Ϩ>\\VJ4]!\0U\z^~\-\p\|;Π\"n7b#FCÌ\\n{t6~tP!1\eb\\H\v׮qK=\q5M<\i,bJ\I(\\\/\\SYJSM3H)G\:^wn\|s\?9m{_\Y$_)e%\s\rK\%\1H;d\n-fP,=N\$\>>rǾI\Je\*V{+*\r\rv\\\C\\'\&	S?A\w߃Y2\^\"nUy\HG7duak($q;\Tr\b9HuSg&t7\\\\\>\\\+\"\r؝kS/um{B\p\Y\O\\715izyD~\"\\{-ۏ\\"[[ݽ\d{y\\\}\\\l\\dQRcıcť\0B\C\}\[<^\Ĕ\`\\8G\9#\'\\M!x͗HF.H\ %?vn^$B\?o`JH$\\WϠ8O\\}KKe~\\n&S\{\J^:HUc9H[\=y\У9\\o\>\\+XG\\\d#y\+W\\ܪv\l\$ƧP0Hc\|\e\n\A=}.C\\\P7m\Yq:4K\\\\\MnL?\'\-\޵]Ds٪e[Ah\\\C\ÏA݄\v\\\VF6\\.{9P@:HCT.?I\q\	8\ \nv	\y\\n/3Z\eGD=#L\\pHL\n\7A\\F\ê\\YXIaD\*\Zn^\\\䩌\@E\ͬ\shj\4<\\;\f\St=\\L_VZ\\ؑ\\F\A\"p\~\јq#A2\!ˀ\4tV-\m\fyV\Դn4Y\NW@H9H\\NF&\\j(\Q\%\\/\헫G)\|.m򆏕2T㣫W^\\+Ywz\)%qQ5Të_\J<t),Hkk¶G-\"\MR^{\6{TQ\\zIzG\X+\wP|Om\\6\4m\9\٘\#\\6q6\\q,\uL=C6?\r-\|\"D\\OXa<K\K2\\r\3?\\\GU8+=$\tu\e,\\Z\\[-hO4-*Iy\Y^5F\Z_~l%$&\0سM<\Hpk-*SZD)v\\0\ķn$L\zNdMdÃ\5h||-\Z\lDvΥ\`\\\Rؚ\6eb[c\J\>d=&\*It\K~;..u9N\\4E<]pQҥ\/qғ^t\\m^\0<(\\\ v	\7=֤\Ԏwj7z,4Y.J\/\t8HA\2nb\$\'gx$)\\о~-+\R\\9S\Ulp\\c\sQ\lޢ\G~\R\)\Y#īץ{\nJ[\񌷴XĹ.?\/$\$z6\c\P\nl}\K\Y\\\*\\'O֛5\8\Z$~d᭻_\"[\j\a\g\\t!Xv\&=\'N2v1x\Z$\+qt	wL\\`\n\gmRz\b\\\Z&s\u\\t~s.a6Ņb~t\\\\5eT6\'\NU@\\\$剃\A*Ÿj.\ĵ\o@QMOC-\\\z\dz\$_cͤ5^\V\M\EA\\r\z ɜ\'9\W-Ksϛ$s\R;~\U$:$\\b\].\ SpHjW\0ұos˳}65H\dM\\\,\B\nv0(\ks\\7Y\ adǙ-\90kL\KW\\b\r\Q\\\ }e9H\s438wpL\dp\VU#\_\\%W$]\^/\r\*湃t;\ڶ\Zg\sH\^\<i\'y/\Z\\\objRtVC\ !\_sW]\~]>\t\\i)r\\ :t<S31qy\1IE;>Pid\ |\Z`qEpp4n\\\\)>\\c䘅\&Ru<aei\')\kRkT8\)E*\\\Z\MU\r__\Ʊp\j$A\"n]aϏ\IS6\M	\\ \st{\GW1B3Պ\"\kt;\ZqI D $r\A\"D $!:=O?1v\B]_(/+4\h\0V(lT;Z\\Уlq\g\zn\'Jr\\dz\\3Y3Y\l\{\\:ar0\.؄\и@k	^jV<\n\Zf\I\'\\tPi\ZE\靖\vzkjz\\7\-Ga\*\1*A\'\j\\շ\mͻ\M|\\\дa[\*NT6AJY\XE*`m5-\/	jQ޴~\B\ ]!\	Da`\YKRt8c7nb?8Hg\(\Z\\Z7\.t	\oiO<\Ps;+imG|\N	p-\\Np~\itc\\'ʸ\8ܤn\y\\\:9\U9JRgZˬ^IS Q=\r\Zi\ |\XMDVHT:HL0\֥\\9ѼAheM@\p\i\"l\nj9F@﹟\\\9%#\\\D\\Uru`\\u\1-t5	\{зmk\9*\\2\\\M\\s\\"PSB̷5\\v|\IN\qH\\OsωKsd\\u\7̍(\\'\1\\ҵ\w)YÜtk\#\r77d\y\0fm{_a]M!K\M	\Z\J\Z/牍\\\l\	&IFv3@\ckm\:\$y0t<\#\,)\\\yYM\P\rAn;HfZ\;\4.H\\+\Ry{{q{A\nsd9G&\\-\0GtE\Ze\+-\\B\\sT@h\\\7ì{\W\\ɟe^۳``E\\M\sB>EB\PXjRiy!E*00&i\v\$\#\ 	\\"z$ϰ\\$岃D5H\\!sĜ#C4P\rRx9\Bwd~D׼@А=\dD[Ζ?l@\/z_\\{\S\\ZeT\DCSD\&]\^k\r7Ξ[Tx_0inG\V\5YʝD\G\\Z\&m-0\$\κ-/\\]Ɇr\Ar2H*\'c`)v<c$\c\\5W\\\n\\x|h;1@,N#EǨ\fX\߂^\9Cg@\Eg\BϏ\'u\y\\\F%M3\gX6߲\\"\,\_\߶U\A0*$5H\a,F:\n=\_0\=?gkA\D\S\\:~:n#\14̚k3\CKr	Ĥid39\\'\'73Ϯ_+򜤪jl\md\\f\\鳬F#PܩA\ڣ7\5I 7R/ђ\9X:;T\.z\Ns(\E\8T$u\X_˨WӅ\ےE\\\ZhZBs>\0xCi9c܊Q\uMJ\]ykB\\/-唃4]#ڥ%MNSX6\\r{ܯ1\ά\")e\\o\-vqO\\iv\Aamc\HhzbnRb}\\бqsH+Uv\k]\)KӅϩ\=ʰs?CK~4hu?ܺr\\-\'n\b\DXQp	\NVj	C\rRj_\	%\-\\ǫ1۳g/c\\\\ \>qiZzF䪃c5H\rr	\\0#,\:E\Ѱ9jyf SMg\-+W\\^\rR\\Z\'gA\Ed\@\\'i\\p1KS$#\\D\\$ݯ\>\*\Ar<t}-) &\7횤a~\qK(\cb*e\.h}5p\\|ͣ_\dЅmQ]N{}?Ic3]\\wMfo|!\/\2+\\q\y7j&P9~\=or?\\\\PE\rB\\\d9H\60\'aAJvHV\y\sֳf\\W^g\\$\Z$\\-ÀA\\̀,ݻ\ Q\r9\~\PF\\5H$sVG\ȅ=\\I9Q\\ add\\oq@́m\~\ƘC\EN2)v|?:\#\"bړ.H>7\D\:\5\yJ+\[\\%Ј:I\\\{+{o\FWAܚ\0\\\\\\\3|w$\ euϢyZ3|ѥ\Z\ZˁF5SQU\KM񶜣\\P7oti9:9\s\nO#׼H\Ru<w0\'\9\r|nh	$FU\5뾸v0\00`×_Yb\D[\\CRzޚZ$*L,Hܲc5-^f\$pC5H\\XM\\\s \r\m\\\7I䗳A*\\\9\\i&0\j(wk\M\ߑ\rlװay?\09\\\r#\sp7\p<;\_]_h(D\'\\e\\)&܀5I\$\T\re=X\ԃQUM\-\2u\N@\ŋd[w\Ar\ 	\z\ \\䌶!A\"\N@nZ\(ֻo\P7~sM\\"\ǧ\:F\F#L\\k\9ugך/|=c#T\9ayۓ\W\t\\\Tq)\\\j_a\rVTZ\Z\n|\\E*p`\\;\\},\M\ 5*\rǡ\T\v$A\" 0oYE\B\5Hv\\n2`\.pL\\s\\\\\\Z$XE)@\\W 1~\n\\"R\\\T蒞Ir9Sb\'\;\'=>\0\H\6@˳\\@Q\@u\v>I&3 B\<\\\0-Gitz~hsx;?fHSqTjU\ \9 +|\\\У\1\4\"T3\̤ш$\X\\\'\1)oT#A\\\|ìwVHƫ\yVt\"_\-\x\F\\y,[?\|\G\`\\,=P.%\\Z\g\\-d\~d}]4,\\Z$Aa\b9^\& ȝp\\\\}\{xxW\;i\:{\\.l`})\\-\\\ as뾨w]{\	ga\\\\w\24~jg\aB&׹ADw԰[rY37i1KhlͽM{L\jQ\I\Du\,2	\.u.\Nwmk-bis\\)wQAwR\1\\'tӣ\\I>\NS|>͚\\&\\ \r:n\\`Ja\Kr?IT\\cny(\%\N{\W\n|\%\qHL\n	\*F6\%`Ε\\r\m\\y\<h}1\Z;,J\	9rT\T_?|NWѵ?f\6E)_\3&ך\\Y,Bg{^~\\\$\{JsDv\\hhack:\FL \)w\0Zw\DՄ\rntw\\j\"&\\?ɹ=\}Q(S[\t5	\\˱	J2\\\\!Z6V7c64,_\%>JәXɥb\~k=~GB/&\T\A\Zh \\\O}l\\4wp^\^A#\~oz|-4m\d3GWj\8P\8\&\|3<j\B\nH\ɏXskT{D \\\7\\}&O\r:l\Z\R.!	\$̎J\'~1H\\|\\\Z[=\N\c\|V\ T8~\_`9E%yw\\rh]biRk̮PzχA0\Q9p\/\D\\m[\E\8F\x\\C\\\fj\\,a-ߝdj\M\THp\\'7C`XQ)\<]\2BJ\V=j|t\r\\\&b=?$	eAJ9R\Z#\\㍯Wrj]x\_/2nd\7n\ISYd)t1eRy-\n\ua=j|l\rS\XsBgb\7\Z\TH\v6\~jt\\\z\Bp\ -\\\V\}\\p\ʕ3tU	;5X\\\Phf78tN\\\ڇS-\Wi&\c\ױ*v+oUq\W\qfׁ\go[бy4TςڪF\3H\\ZsDp\wNK-!b\u]wM7Aݜ\a\7vuFDx\T8@bW\}Vo\:Ƣ\@Ҿ~2`~;]Q\V<^Kǖg\Z\\'O)Ӓkp2\Hc\\T;}&4,YnM\\遼AJ1H~s\\\Y3\xߵ_C\\\vA\/\P\вb%4\"S8z,\J\\5_\nGI6LL-Mָ\l=9\@!\[в}\'4ۘlc:F<+\55K\\v2\MAǦȮ	}ojl2)n\Th\\8\@f񆵠L*\>\`훗?}o;\v$b\\'~d\rəR\}54\\\\2t	)`VL׿b,|⽜PBx5tn\}oCM ܵ\\c\Pw\,0wW0;nƈg̓\rD\^\'\*XNշߥbF(	\\'GX\\\3郣bd}y}w\>.\;_d)}7Ξ#\\ArAf\\GU\{\;\TtӚﾇ΃X\U\ݏ\YC\Q!\vct\l\ߎ?dϬ+Tq:\|}GҚ\z8\\TBQϚ$\\E.Y?>q\).\\yE\B\0\'yLtX\Ա4\\0m/\n}A E׎],2g)\\ư%utzNH6\0֤7VYe\\;\	>]%\\S\\\֨rS\~2H$\\fh~j+]\Imk|V!\/XW\W/_kT6@ \}`#2\؜F\8H\\Q@\r]\v\bCSM^\\\-X\(킠\\_>\\M\#EE\\ZQ\N.+	q\rZw\N\{z\u0\R,\r+^ΐ\29\\\Ects;\{\M&Ā\9m\Wɚ?\Y\\'3k6Y\\\n)ә\~\Ǉ#t=Rܴ9֩\6<]*\K\0lf[7s4]}\=tU	\0*au\rar!ڙ*G*&Q:ܐ2IT>MZgR\(Fԫ\\@\V\ޫ&\A\+\0\#+m}:֝/2[\A\{9HEв	3QiT\\$2\($c}u/iG>\Zq\66nf\^M~}}ݳ1>iqԷ\\SPx\u\s\\}d\B\0s]\Z\\dzl\\ny\\Z%MW\y\z#MTK\pKrm76\rl&]_~\I,A\GKj_$p@\F\\\\'V6\ZjgB\C\\r,|\z\A:n1HC[>\\Q+$v\'\\9\\;x\֮sIie\:ʨt\r>\r<\\sd	>^\Ya2W\!;=)4y\\\\\RʽcZR\\Qۭ߁\tU	Cۺlb\raAJ-1e\3gi!xSP\\X;K\&eY\\0\\]{_$2\tS\ %oZ\\P\ EZ>\1URT	cx<^u-+W\0\ V\\\4̙\n\]\˱ռ_MR\\9Pbt}}l\"q\!ToMQ\=:\\εNֹ0uѐ2\r_\[a]_%\)i\\\AMх\ZIwm$9u4v\\\6A}LJх\"p\!}_\t[R=Z\nU\z<z}(U\\rTmy\h\ѻQ66\\7\"Ϩ\>v\sJl\\slkd\Z\̃\MOQ:6\\\5\[\rRjH[\=/(dcc\ѕ%x:Iq$l,lsa\5Hn)i\R2j̀#\\rR\rR8\6˹\^sXD.4\u\}5H,l5{\=JE%\0\f\\\%k*t\ \N\jb;\~B\F\nO\\KVd\"δ9-K+Hy_o\ZԽͩ\民,j\d=lۭk?\\|\'x9\ZK!z\\j\\I\(	e\d\\,(1n\Ξ\\nqۭ{\r\\n\F\2H\9[\\\{*\rJ>\\\\z?ݵ&\\<P$n\\`/<X\&L\5]r\\v9\t\T\0e\nh\Վ\σ\lQ\&\Vѽm\v>LxZU\ZGa\xu\Ko+VBjb\jR\\$\rK\\Z4\]\֯\Z\R2r\R+\	Y`\<\ \z:\j\7=ŘTTcܞ\G\15mn\ڼ\M\\n(\P_=\\MV%\~\rR\}\~!4ßBӺ\rvE	Ar:=.\(9\fFJ$ڋ\\\$\FUBbdh=J\ d\~f/;\"c&\dڝP{v\!ɦ\b\\\_:\y<`V\gT\}j\I\|j4\\Zc\n(Ů\E\+t|`T\'mM%\r\\\yu}\\0\\o]\\O@\\\ͿiH\nr\s\q\̧\6*_=<ꖄ}\\\$\׋Κ_a03\!{u\X\\"}v1nHjRIa==*:M\\ٵI\&\V\r\pYˈ\}b\\\\Zɿy׼YA\>qҮ\|\q\dPsPs̾)f\e\ֈ\\Yjjz\|ڞXoz17\\Z-b[T@ \A\˻c?ج/6l\\FI69C2IQ$,|*F~\h~z+t}-\rBE+1\}\vcdGР\[aQSth\\	li\c\Ra>z\)%\wI\ e\wײۏ\F	\r\2S\\#\8!\#K\\c \\q*5\4j`z*:Un\|h޼\}FB\\\s\hַ.ջN0t][\«s5L|`LbaeP;vYX?\\HW@0=\r#~\Z\Z\'_0h}aZ\U%\\`į\\rv\O\rO\R[2ƊJKb\QAC*\vå~l\\as\hpD\s_,k\i]_d\+U4=r%\.\r	l8_}#\\>\\\?\#\ѹ^go瀢7\	k\\\\OmehG\"({Ϗ\'rR\\y\$z\"c~R)*H\\\۰s=9,}k\n5k\\O\\\?\Ńթb\'=V1$w$*\'Ůw\\\\l_\\-hxg\D\H\.2Q\\Z\ΘMO>]_}\r=\Є\o\\?-tny\\ac\\rI\C\ɨ?TmcxR\,\ZnlѸcJ\ڣu\\\t?aE﹟Y-F\\ bvXDL\vqü27jQ\$\\0\1\gLN\\P$Ǝ_eJ{B\48y6ֵ\X\8ɤ1\ZH\800{Zms3]p[ЧLr\AJek\ B\ ]:4<\\b*\'2hPҢ`e$H\Y|?>j5-vC\ϿPY\m\֥\\\\иv\\[qk\&|8DN\\.\I&)\x\X\$a~Ϟ\\3AʈX\~\"\rOߓ0\ \\s kԂ\Z[1qTPQ&\s\\cO\n6\:MO\"\'֞pv\#\\>`|miH*\j\B&9C9.\q\\c\E~EtohԺ~2\{!p\mیҌٶ6ּ)@1<S;>`\Q2:y\\\\Wr\ƉA\Z V\OՋ\f3FU\m2HXÄw\ڶg24\"2u-+WKٚ01Hu\\Z\Bê\v-R\At7\\!\eVēwww\]\\Z\\-;_d9te	\ ?B\\A\#3CGl4N3IH\e:-\\'}zS\\s9-l3H\$.eH\d\yC1\n\7:=c\h{u\!\fd,\%\\"\Ը-c\%\\\\i\\%P\\\&KYsڦ!U\\\(.\\\0*1\"1\l+=zt\r5F&\/(e\Ï1ETd$9&\&\t\2\\g\|lԠ1H\gu n	\A`\e\\)_咃DRPg9X{j\\l$_\@2HJ\k6[Y 	wpp\VMvo\\\2H~\'\R\<\Z\A\k(\j,F|\6*E\T}\=zʨ\'O>\\\Z\<x\r~!0KMMOul\	!6zu\\o\߀3\"6\T\3gskݰd94[\\_={Y\\2\ NأF~5H^㋗Ð5H\\\\=/O?->\\)\cS\{KnW\\v#\c\\\\\нE~\Z?	~s+)+\0+6\$HU\\n\0+.\:xY\{uD \!p\\%AJK\\yz(\͢a\nt(2X߂\\rճXZTn\XnZNݝ>/\r\W1H(4펎\rX3\w\g\Ķ]S4o\N9lfY2H1\kX\Z\\\s \\\\\_}a\=O\"#A[6e+K 佃4\\A\51\ɜ+!\\\\S]\A-\\;H[M:HXݐq\C=\'j25Tφ\q&1ėvׂfgM4EA9;\ 1yn\Ab\cy!v<~\\55A2u4\r捛\zPp\\A\EX2op;J\\ntS$[\\fd;H\\ o\&Y8\2B\nd\\k-*\[\\\R?}&t>\r:i\e\xv\%\\Wc\tOHEQ-&\\\^sB\\Y\6N9PQgR$dr\'q%\nP\\`*Y\\0Hȼ\j9@͛J/u@lk>f-c(NW\F\<acTal޼Z_z)~TJ l\3\\rRs>\\oAF\'Gս&2I\\ދ_@(<i|hS\R\\P=?R]Y\0\6t\\-q7\\\\T!q\\Z8oTh)v(\W_g\\:\L\Z\ed8\)vR\?H\\8H_|\ƝsHxR\\ABu\^B\z8P:ᔿt8O&\\\4\$vo>N\\aP;{Kk\:FEǄ;\Ft@:6=\rMOˡ~\R>:,}ϸ\G\_s\Wɂ&v|g2d\Ϥ\Z\a!`\732b\'m?\o\&H9\oM\\'\@GT\K\Ʃ?e\L}.B7\\2A[#\Mi\c	qRУXOnXlMw\'\N\\\sp\\x\\G.\I\ug\.F\u_kQpm\s3E_\=\Q\\$\n\A\m]h\\\Z{r\W_\`F\S\r6m\d\/YnOQ\1Hib&M;XR1H\ u:\ze\D	\'\xգul\\DP\n\"ބ;	\\9EӼ\ڹ1H\b!\Z+;>bM*c#\\Q\ZM\\EG!\9bY-\\4Qf\\g\\\ɧ\	\% \{0\\/X~5\S\ Ðx\&\\r\I\(I~7k\r\"\ \r\"R}\A\}\\z\Z\+::W\\\\e@\pط\~qpwD/A\\xHr\7Wo#v\9Cr?Y\\e}`\\\,=j<0Pv0S\ƁagpOl`5}#<\\mwQ\%V69I׃$b.XcF#ct\YV_Fw\nmU>@\"m\~BF!1Q\v\h\\Z	֨\\dU	\r|FDl?L5J\\ƛ4\:06j\ڕ\w@\Abk?պ\Fdj\}\rg\\\4!\(\P*ɔټt\F=J\`\ \ `\\GH\QV[\r\\f*(\\֤\Zr-\ھ~\\;ݲ\avp\a\\{\#\'#\V7ou~\Ll>+;\r\CPp,=fw.Z)~E\Qޖ.!WR\)3Lݨ=j\f\\d1H\ ejKYDT\"LɵcDȩ\0л\36v\D\{35a)۞gcx0P\\\)hFi3NSN\6n\\{\\\\'\\\	\N!!Dz\rrPTcXP=\"(EQ\nIv\\"r\γvY\\I۹\5\dٓ=^S\t*]P;p\;^T\\\_~\n0\\*c]\'O\\W\nn\Y\<bƒ)S;FpW\\m\ArU^#z4W5<\\}8HB x|*\,\;(9i\n]|p(\\?;!\\q\uuAjZu/%9L\$bD4\\ziz\U\\\\뾋\\\ԙ\\\Qla\0G&y(e\v\\\(9\']ՎÚ@\yQq\\s/~:\5\\p\n\A2\(n\\\:\\;r4]n\tIn@g:H,\d\}AU\0[$?\yR\\\;> \G\\wr1\\.UmC$\\ȞSt$%&L\%wQ\\}\PJ$nJP;k\tq\:[\,}\\\GU\#*E\xTo\\R\c\\%\ GǼ&*\GU켿t޲obe\\ntUc(\\\{P]9H\0t\\o~FM\OR\%d\rHyDP9HN\\~]\Wr6ҿכde\Z\\\'M}N\q\0P\n}}\k\Q\)\A\·e6L.\\\<z\\\%M\S[\\\4H#ق*p\8\юUM\ԙb{f\~\\+q\\^\`\gsT_3G\őT \AJ\13f!\\0\\'l|B\n\\\	g8N`\\={eDԯEߥ]ݮu\\\Ҋu~\]i`\J7<r\y)W}J\myV{n\nJ-\\NV/&fr\\\\jr\$H}4硢\Ar~wz]819op\l!\\\\\\b]l\<\_pF7p\\\+̹F]T\)o\Z\\\=DL\\ jיqL\0|F\).)+Bx\A\ e_\Q9`\]޽G䬴T8L\\fR;HSӽxH\q\¬(\\8b3`q:\(Wu\\=*\\'\(\0I~&\H\3zc\\顢}\Ԏ<g]$>\ǌ\'\\Wv\F7R\8wA\v줎\^$.\\\\\\r4ǝ\Mr{5B\P\-\o}cz\A궅f\_&MO?C\ߘGt{6wڿy\\?\|\~\qs?&\VǷ.7\>بjJL\G\0.3˹HɉSMڮ%Fv9\[\"\,e\'>\9vtK\"q-HC\A\]#v\S\$x{aq\Nuj\`u8(G(\\r\0\	W\F\˯Rr\\+]=Hr]\r\%`r2r\2r\qLb#g(\]\cN=\j\\W\\wpR\/\r\Z%6z\\Ox\Z^\A\"\\DRaO\0ʕSoQ\\"\S\\0k$#\	[Rn@)}yb#*)ngR\\Nli\0@\ҳ|U\\Zr\TD\nx\\T7|5ܯG\"J\Ҽߒ\'l\\t7@ p+\'\. 9:x\FG}\(D\Sψb0\J\RC\M\v$|Tq\\-\\]̷A|?\\-\;t\\0\\r\V\NLv~v}\1E{o\릢ǋuQq,\,\g\W>܇$\07Ar\<UR\L\y\\\r<Y\}boj\\\\&hݽZ^VT3Hasort(xJ\]@u+\\?\0\&ҹs\'Sj>Iv7\TI\\\\qi4r	#,8\\"V6\\9\Z9H,\Zۄs\0\Z?P4KNy3]awV3\Z\DehwCON\\>\X\\\R\c\rG\)H]%K\1\\&\\\F\ p3t8IǎqDuʔr\\qRw\ZE!+\\p<.\Lg*\r	Ĵ\\.\8\\r\0N\nKò\?I|JT˯p\s}a%.)@i;xH\\\G\\\A\;]tp\:\0\\.\z:{b%\\'U~;Ȕޣ\M<_\\)L\\\"ܦ܍>\\\\\Ǩuӓ8i\C\\\\ArW\c\-o.}fBq\ \SgW\cS\\	65SYN\t8d߯^\7\ɾ\\\*ɧD\fT\0\R\o>\\\Z9Hy)=\\\\2\\\0H\A\0\?L\\\W8s48rM	A䆰ܫ[\0p\O\\w<.yb%#\\5dFtFy\}FDL\c\{4D{\fx\۞\'P\s-@\\ U+r\Juï*v\0\:^\NO>MQ\Q\H7ǧ\罎\\a\\<a\\/\Hf\l\o\\T<\\^M׉\:vɰ\0\\\\\\Iy2yqԉ&\0r\0d&8B˒#3s\\Q5\\)򪰵\0\E,\܅C\GQ)7)?\\ .\Ȼ<\]ͮ\\\4V1:^|\F\\"I@/\R\"Ř\\uGT$W3vp\0\ŗxU5E˳ΑW\\Yq\2\\_\pVɚ\T;w%u\,\\\0>mj}lӠ\AR;>hZ\W_#f\0$\0\\Z]\'.\-\Zzr\AZD\T\o\\\0>\\\ti׻\"w\'^1Z!vt!m$l\;\vPQC}QMH]H\'\9i\s\\\"n\'Y\0Ti|N \s4\:d\n\6\j8H\0\\|u\#&zj\!35EL5\{\\)\k\˲EQ\ejy\]\0\0}ύs穾f\ϜS0\\q\?N\0J	F8%$saeRr\LJΘE\M\g\\0\0\O?ڞ\\"\hhTT\;JbF@%W\\y]~Cz[7T\'NҶ\\hT{\p\n*vU\ǟo\\\)\\Ϲ\0U\\0P\\[ԵcpXsT\-\lz^W|iKzk9/Ri?(^9\Zy\Z\LݿEx\0_<R8ITHR\\'n\>9\'	\0@@s;.v N)1-\8	\\00px\\Zj\~omC\'xr4˹M:\\,7\ɑ2HQ9{QT\\\ё{N\\\=ّhɥwwS\\os\I\"侦俥-\*T>yO\\\u7կG8G݉\\\\\0A[Bt\\9I? \ 0ᜣߏM\pe\\vj~U\0\o\ISgoRaή\RE\d魀\z>7bl_7\"\ɞ\c\\Rs\שuχ8!/>I;J\\c\N\\Œo4@\\Oѥ?x\12\\Zj\Ǟ\\T:\pN4Q\{\\%:\0`@ub3\\n\A\\\-W+[e	7X\(lP\"bb\\\0`ۧOܙ;\Xrf\ΏgJnRd\\y#?G\p?\0;\#-\;L\O\s\s%\\}\m8H\0\v㗳\p\2U\:\\Í*t=H\\H\\*{#E\\9#\{\\x\;G܇c\008HT/-8)\\ǟ\W^d\H\p\0hpG\))tE\:\0K ݻ\WhIY	\TPʜs\\YcD4\j\kܩ^\R\G@\@\܅\=˔U\\T2t\\K\\\\Z;g\Cx\\\fjXvxMꛟ;k*Z<Y\=.1\\kĄ\0Tt~{L%&O\4,Ҩ\D*yډ=\-L\\%\Z7KDt\\-\\.\HwL\\`\2|\Z\*n\ocH`\ޜ\MR<(iDUdJN\D*bJN\I2=͊0K,μ6\ 7\sNr\T\\N<a\\0@:yJ4ls%g\O;I<e\е\cG_\\2\\\NFđO䘊L\v\y\\ .DѲQ\癟pCO \Au\\"\vR:E\H\8\\ǿ\\OS\C\\1\\rԋKYUΔ˩>Tv[q+ŏuKNk\3\#\Sҍs\ń\0B\>i\'iƬTR09HZj\Տ`d4!3R=r8(t\\-\'jrBA\b/WȽ0	\0t\	]\\2\|G\Zc?C\<*\j\\\\\\%Uw+a\BH\9d)Gu\9W\tja伙B(t.\\5m\7ޢ\I%SG*qٰ7\=-ͲǞY\t\\\~\ )B놗P]\lJ-S\\9\0\~FmS]\A!ܐC\$P\	9H\0=|]i~\rG+G\BR\0]\#\0\\\_Pہ\r\$@*`:m,pdj>}V}OX,(a_:_~;:(Xw\Iy	d\>iJ97\R\Oz!v\\\\_\\;(j_o\\^)dΑu\3Ǡu\їнl\>s\z\ry\NI\B|8#t\\c8\0I\M\"^:V^Up9HΑrK\b\\I\\@!	$\ \wp\rG&Dt\h c\ \\Fu\X\0@\$\]C\1ٛ\\\P\ȣ\(epyL\JZG\F-\'^z8q8f{\0(,4\+4Ǫ*\\)2t\3Ա[\0$Puk\Nq\	\H\\*J\\f\\`RI\\r\\zݞ8TvD%կ^Cnı\0\ZpU\ZSp9H+5/\&*]\Wb\0#@\.\\Ѿ\n!)V^)#8\\0iT!v\\ENH@&b@os=#8.&\bp \0\0C\^LQ\\Dm9\2\"ʤP\yp&ʓ3\\^ݺx[|O\U P\\~\`H\\X\\L7!J{gjG>^\A@v:^|\&Qb+:!j] 	z>L\}\\q\\r\"Z+[NMO\\\0@ @\P\ER4>TZ ]{\0\	\0/\ΑYRN =\.\0`_\0Ο\~\.Y\E\A\reuMQe]\iV\	\.>a-\c\! HF\n\V&\\w\\A25ZE!u񧟩\픜<\U\\a\u\;\w\ugr\a*?\1V\ZEG\8\z+A\\\2J\̣/\\'q\\0\\_(Y\\e\\Hq\\\\I\E\"08$\0n5sԾtQJqTH\v58v\0z\SQn\F\\\v<\\\Y)\s7tM#R\*[\V\XJLI7P\C\\	\\ H\2ߺ01g<C.e \ƹt\\Qj{\>K4G|\"f2}\\\	\"\+WZ%&Om\Q˻q\\0\\\.3\>a\nT(eaei\'Զo?uK8Li\|p఺\>?L-nL;G\Uۦ\[\8Gɩ3\Wp\\0\\YrNM\NEf\o\\\\B\r\5\u)+\	峜\\}\GPt(R\\ro\E|\샤3C\UDr\\!\}tZ;)1\Q⚯ְFtHbD\0\nB \\2\gGP4=Zwc\0\0v\~k\\_\I\\"\r$\ˏWO|.n0Hr\0+\\zw\Z;aJ\Ab\i\\8c\0\0B<$TE\PEKpd+]$ӓ[ˉ\Z\2\x2\q(+X\HJNƍOP-\'-}NOֹU\NΔu @\\EQ\Q)\"&,\W\\Vg̀\&M \K(9|Zw\1\n\0\0=\\kT`1Y\Ar\\蜯\'Ǝ#]$9z-[\\Z?`\\EV\#zyō\)P9H|g!HD\\;-Q\0\0\)T\o|(j\Xtxq&.[q6\"^)\MQK;R\\\fx\\<\Z\\\E\b\st\\w\\\r\#Hyt\n\\rq\\aPS\-o:!܅]\@\;vxI\Z>*=\0J[0\\\\|\k)C\ў\R\\[\Տ\\\0B\\GDr\⥢lOR\ \\3N8Im[%\@\ZH,G\!Hg~=~Xqi\>\\A\8G\rw.\\ǿñ	\0\0\xM\\э=\U\\'[Ǚ\g&Cs\t}b{v\E*Uc(9~25,]A\\\\o\\'N\\@\n\*g7:$؁3\ǽL\9(^=bE\Yp\\+e=\s\r`#\"s۞\LW\\0-\|-]d\'i\\nw\n/ɒ\,\#GS݌Yb\\n*#{(\\B\wG4\n$)\5.[.]\O\1	\0\0\rNR\Gv\5W\QiG\"\\yPe\\>ߎWQ}\lj\\~?r:\ZЯ)*\QfY\H>\\<|	>^b\\@\E\Wm\\.\\O\@U+<$\\3ফ8\\\輟*>\\Z䪳5+5w!n||\\0\0z\\ߥs\^-rdh\ Y;\N$F\Z\Cs=п	9H\0z\ 5\Z%\OzZ 9H\ZUJMuUC=\0\0z\gԃ\v\[8d$3C6|\\\[j`)r,C\\\us\\rP\)C\'ӓ\$F\GEK\Njy\<a\\0}+Ƌ!n}ceiz可\ \c\Z!v#\母\WQ-#\+rQ\\˷\Ak\Z\n\|Q\594\\r+7RF\n3Z\\0\\0\0Td+9I\\!֮#\\\\bX AI\cDQ.-=\Xi9ŸE\\st㿿\\0矉ۥ֬\\;HJ\xgą\Kd)z\"Yc!u7\ϫ>+\݆9I\L\#j-7ISi\\\6R EU\gAGR%m;}\ >{uo{\\\fRr]&G\R\D*j\\S`\rVN%\ZK\\\Jy\֍O<\Gv\n\Z\0\0xQ\\{F\\e-)\' $}\J(9c6%\,H;I=@@˩f0(\e\]V\0\0Og\\\'\\) \$kF\н\"٦zgnQq]\	味\G1\F\\;\\\S\v࠘w\H\.QcI\"\'{\\xD\/L\\,{)ē|\\\"(\rz$W_S?gQz%*ǈ2\P\HtEd)K{{k^3?-E\\9*-\\yB>%\0\0 \1\\oH\er\\T,\yjܰIL\3@\$8H`\\\3Զy%\'LBX\8\\\sq\0\0P$p\C\"A65-J}\'?Q&;;IsOw\\r=\J~X\U˷+)d\1\\\WיqT 9s{9o\_ԇ9H_<\'V\~\B3\UϹf`K5`\lk\gQD?f9\&S\ZtKys\;Gu\'a/\0\qT\\~\*Q\ˢ\ۏ	*a\\\\\0O!\ er\L\\0\0.-\N7K\_38_(ېWt8(\\\Y\?W}V\j)\\'X\4\x\ZZO_\@;p\u|L\<\\\uH\A\z\Y\\\э\"n\\'P	W\Q\\8pe\"3\UcP\\\Y\u\V#nގ\0\0\$=\I\ZbR+\M۞KǊ\\-Hp@\\\p	o\{Ξ\C\A\\2jXh\9\5\0\0\3\\\Z-\\\'\;\\*\\$e#Tdzըwٲ;\\D3n\ջb*A=\-ꖯ\_\oP\O?\\x{U)H\x\\v~}\\9GreJ$p{u65_D#DK\)fC\\A\\'OaDtvV3\U\\\\-\\WWU-9Tx	>u|-/\0\0\tڷlMw5\8I) .\y\'\U\yC \x:W˔ޯN\U9Hw$&O\\\\}Ё Ƌ>\\DfT\\ܤ\MeDB\qB\\\\t\\̥:#RoMm}9nM	m	Z\I25%\\bgGK;G.\Ş\0\0\NԝKE\!K\#\\<߆#,O8\Jtм\"\S1\hh:+\uV7ܟu~&;\Gxqkzf+u~5]?{\@\\'ýH>\QW2U\\ Z\\vj{r%\'Rb\8\0\\\\\N\~\Cs\",Kz-\'\2əvbjݽ:q\0\0D+Q\\)j\T9Hܬ\{zؿO7D	9Npјy`\ q\\\\[\ɧґ\0g\ \\v\-8\%\0\0P(w=3f\\uVr\CHjGA\ѭ\ri>{/\\r(\\\Ԛ\\\\Ϩ$߂`\.,p\CǑsu<1=	\ڷ\\ʁ\Gsڂ*\\\S\\Н\\r#\'\'\\:\\\\\\\\`||@:\0\0(l.+\"\]ِ\A4\\\\\'Srlj~sr@@\\\kx\\A\\?$\\\Z]ٻ_\\Z%\'ONҦ\9\Zj9H[\h\sp\0\0`\~\Sj\ȓ^\)*\\ Y~ax%m\sMK\	\+\	/\\y\ZR؞.)6ھ\D\r=NͯN\_~E]?D݉\\\s,rϑ\G]kT\\'(\\{\ n\\UkԽ\=jfՎBIΥ\8\\\v\*\\tk\Ii.3\}R\!\cC58\\R\s\ˋ+g\\˸g3fS\\t\t\(\\0\0`H\x/\$q\P\A\	\gFyu+\\\r\\'\y<	9H`0\tmP\}3^9\\\*\są*\\0\4u&%Lύs)b$j8\I\\\/\t	\\\\\\\GՐ,y\-֩)9gկXEM/HS\Cݿ{ȅ\\.wH3:\\"49H\Hcb\8w~0u\kZ\Uc(VQw=q\дy[\8_g\e\Z*(\"-\џ\\:Qn\\FeCS\\\\9+T\0!\r\$]|a\I\:IC5)\.k-yk֊>%$\ `\'\rb_qi\>C&)\u\n#\0\0\0i\\NR\\yGQ\"\ry]\\\v$\'\\4\'\\}Ϩ\\\"U8n\u͏\;.e#)V5j\\\F6RB$u9\HҹJ\\\ciJJH\p\]zj\45޽\+6\-@VϑN E\\\R^p\n-TnF\+jiB\\\Η\\X0\*GS\y~t@8m؃\0\0\0\\mGR}1x\\ZW	𡖃diã\jJNEMO?#ݡ,PH\A\?NH=W^#!S\\z9H|\㫯7\=\0\0\0<txjz\)Q\(Q9\U\\$e-ue#9-\6QVB\Ur\o|N!\\\qǳb\#I\(\ߩ{LH\`O\ZBzO$97H\\'&\5|N-7!vHC?N.H\\'v\\\Z\͛\i\n4}BQ-MN\";V^)ܴFwj||3u<E7.\\؋=\0\0@ \kץ$\IݼpXD\m%&N#M[v~7CA A;].\յ\fRsIC\ ef#\=\0\0\0zL\\JTxYJp\\tQ\\\~U\\?[\\OS%ϐz9i\\\\\7\9p\lok-I߷_l`\Z\nib{\q\\pTt\U\2sy{\\\ݹq~}>H(\PؤRq5M\g\g\\\r˖Sr\T\.\:\\T:Q\\_+Oǹs;\}ΔKy~9u4\"\e\\1\\\V1\%e\\>O=	\0\0M\G\\dd$\QˈUoN߬}\?Dl(\r^	\;\(j\}dvz\rŹ\@,{3\$7\\\58.\0\0\0uڞzZ7ldDJTI7K=%T9G\\\莪s\\:yJ{$Pƾ\\"U>\,\GRb\$j\\~\O\E .ľ\8PG\\j\ʙs}$8HFw\"q;\\u\~\-]NS2V,y-\W\\*	.\A4X3\gy\Ie\N3R]|8jX05<\\0\0[\5\\%P\\\7\Ip|qo^\r+;JmO<vΟ\\U	\=A8F\\Lݏ}\\L\`f\:H<p!\3E\3K\Q\0\0\0n9;N,\Z\E\j(ZRѐ\'QGuU\Y\\\Y\8?\[Jdurvew\yH\uy\'b\(GM\rNˆMt\<.\ \\9H<5S\]dI\>f\\\Zi>HA}h\sJ=ꖭ瑨+V6\\6\6tM_#.ݻ\pj粴\cCZj]ߣ\\9Sr\j;xH\\0\0׸q\<\!\\NRQ3]С~\B\\];-.ڃU ́zE\z$,7\\Q@a8HX&~\\\}\\\0\0\0\p\ݔ8\\\\GRGuOO\"wաϡ\\-O\\zD.\H7H}M%(O\ܾxd\\C_\\=Xp\9H\1OOp*vQ.\C\(#J=?\q:\\Ι\\x,&TZ\\\\\ߖ\Zzb\\'߮\c\y\$\0\0\0}7\c\'%\\̣xEҰb8HA\w`\u\%-7EW!\ бˑAcϣ(\Z\Wh;H\EI[qO\90\0\0\0  >N\Ԛ@\\{\o\u\0\0\0O\G\(\7lrbC踊 \ĄeD9\\)hi]<\Ŧw*q>\eD<\gsMp\#\W\+Σ\P׷\p`$\Y. B\|u\}\g!t噁Ab9`+\r,\0i\1Ÿw\Z&\b\.Mj?\\dON\QԃuJ\\NA\o>\\0\0`\0\nS˯\\E\\JrjE\Xx};+\weRܘ7J|\1\"=l \n )	<\|Csk]+\\ A \rLXt\\ۥ&\9\*2CB4OU9\cN+\q\yT\g\rXNv\oJ\0\0..\\M\i3E胶̷&\%\<y2ԥh-z\7 ~\S0R\DȎe(Afg\G\!^\\ ]|p=\	q30PHC@S\7s\}+%B ?c\C\):4}|k\)oHWH\QVԘ>\)\	*\\\Z@A\ɾ\'	{\nZu/u\\	\\0\0 HNR\Rr\l<U\3B\@H\<i \ A \rX@\_\\(nyroC1\"\A\}J\\ZP8G\~\0\0`\}$԰\	JLA\1<\\mDԣZ\R\'J=-LWȔp8VU\呍Ծ\y\xa;\_p\\)\\nӕzWi\P&\\'\\B\s\N陭ԸyZ/\\\(X5V͊bcY\\'Br|>\iQ\K\I?\)x\XJNI\r<\0\0\0/\ٳԸ\Y\$\\{8H=w\ϲP\7\\6\OJ}.\ 1d\:ojܰRoQ\\\\\^L\ZgR)+l\\Q\\\\\sط\0\0v}wK-\ClVTR\U1N{u;ع\)*ө\\7\\\rM0\\e_XWLycbR\8\;>r%\P]\l:_y\\O]C^H\lR}\#z@\!z|v|gQہ\\{\.\+I2{*\rKU\$W܈(\Ñes\ͳ>\\\nX9FuR\偠JJ\\\\u\"lؿد\0\0<\w\\\H-^&\R\$OHY*\\q/O\\Ϥ\\ڿox\Hp@\/Զo?io|b\;\Z+BЉ8H\ڹ3\λ\NG&`/\0\0Pp\\?u.[\\\M!rjU\}\\T˼v3L\\&{qa2yO.\?Y\\q7K,Bx\!j\'L\ISq\\nxty\w\\r~\*\RpV*߭\mBD\-\r4\\\._u\-Z*h\\Qr\y;\d\\0C\3U6\*\n7_V\k΅k4R<D\;v\"E\0\0\0\nv4\\hf\\̥dD8HAҮK\Y?E\\\ȁ?7ηL A*d\\<\\O=/r`wLĄ\0ubǉ߹\ǅS\{\"\0\0%~|.> \. \Ar_-\}潆y<i؛\<\\\\\\r\\yJ\~)\)\guT\rm3\DNѺ\5T?k.\/Ժ\\+;\\wč Ȟ	hV \}\'h.窹	i\Z<:\vDjΝ\F/\\n>&6=Is\Qf6%&O)\M\n\u욙A9>h{\!)\\raJ\k:\Zx\?\Y\\;\H]\:EݝĢ~}ԼMq.\\U\\0\0\0,ŹI\rK\Ag݆\w\\r\\~.M̹\}\n$8Ht\\ӹh\]*t\Ʈ&^pj,|ԎƯ\0\0\0@\\\\V-x\Xk\#&\U*\\1E\޲\f>/I\Kr\;V8i+o@<N\\AOΖCr\|(9gկ^#\7m}Z\\M]g~$NJ\`/U	\TV?T:|<5\\_\9Hz\NWΗ^-[\'D^r\JN,\\8r\Kי\(\sr瓰\PyqK}lwbd]\V\C-\@]?}\0\0\0p\O?ۦ׊<.6\0\:HF\rL\H21[qi\,u|-u~Q=\n\"I%\ \rA\\\u{bq\2\r=Q,&Dg8H\A\ń_8\Gb\0\0\0B鿿\\KP\cqսd%\@.\E%K3\\jS4t\U\\u\jlV4\\\o\\"]\W/ى~i\%q\ )ͅuz\\\\p҅`>;,e\']Z\5,\\BQb\8W\s^\r\UU4saf\s\ \-ZLɥ4}\Zaf\*J%\"Lv\rj\Լ\rj\q:\\>\\\\0\0\0J?(r\p\\0X.\\tϹ?\yސFX=Qf\\2\MA\\[\\4k\6Ԅ\\\c(1e:5n\(F{y\춴\4D;\B솕\M5B\n!.n؂]Η_\'4\\f\N_\6p5\\D5٫0,4Nj٦$tubH\(V:\'\X\B ٿ}\GE\#;F\L\J\0\0\0f\'\\Ij\QU*5w!\͘\\|$\<T\twߔZ$m?\ZùlȾv9FDr\FU\pcXWa܌be#)1q\n\\'N\ԙTwj\>jxt#m\J׾=F\}\Q\\i)+f\\siSbW\:;!\9i\g\h\\'k\Q\}A\.Q\\\b\9E\\+;S\vȟ_L\84ǥG\\!\ZD#N\"\e%\\t\r(yǽ\\\1\"\Zaqx\ZԊ\'J7\F_A:\0\0\0\V{.O3\\\A\$#(Fy\\(Z9Z\\\N!]z\oCgr>\nU !\\E8;\}r.:]|UJ؂=G*\(k=&\"\A9HGJ)>i(\\̎\qE\0\0\0nd\\ՏP}s6b\-.K9\'+\CΤg\70xJ^gB\q\LQ\\#\sci\ʫ\\=d;ً\+ܗ ǍA>\tt\#@\Fo\j\`wR\\&\IQ t9\k;\9Il\~(\Z$g\Z+\r\qc\$y*Q-LLi\TyhCt!|@:,Br\f̦d\jޱS\n\\q%\0\0\0z.\\NR}\FR/\ \*(\"D)>r\oZ}p\\W?> \\&ޖY ŪttusE\Q-s\<\SKW|D\\"rx\q߸|\^]N#\0\0\0\:>B׎~K/lgQ˫\\=,ga2\Qf3T2\u<U\\谡}|n\BM\҅t\K^8q\L7\\\e+~\*jX05<]\]|\ޖ:~C]\eq\\ށ\\](Br!v\*q\}hy$ʵO1 oL\\\uu}co\\?\\\p\k;Ea+έV\KPr1\I8f`BO\=Օ+-[m\|E\:z\r9{#Syp\Z7>!Ow]?q\n\\0\0\0\k8\'8\	9H}TZ\oy\\I̞R\"иyp\\k\"\)\i\Z\I*??r@\\.硴\'\\%3tp/:E5\\\tB%\\ST\ MRlbkY\\\	\0\0\0\gvA];vgX\)\"\\\Z\\Z\\\\$\\r\\|\ܽSYi)f.\*\b(>o\D)\o\nޥ\\z\nE5bQ%x\X=\/EKqيth\k\ŗE_,yz\S\>\\^L,٥H\"\\ ɿ+\0jj9H\1+8GŎ<q\PY\\y盙)w\\\\>>\W\-\UsjQ+XH\#G\w,\~>\ǁ%\p<\vtI\sQT3\P?L\1^n\=r;a\\\\GDu:\\r[~75=]|%QaM\0\0\\rN\\\7ޢyb7\\A\$UL+Ĉ*\'\ay5s\ަΉs\\r3S1\5bRx\AH\\\zS up	䉋(p\$\'\\SbƬ\<~ǤP;Eޯ\_9H\mʢ]߮3g\\\0\0\0\"鿿<]H\i\=Ըb\\*)V2\"\\D\)\\\҄IYa\z\M	\\n*&čF\\\!vf\Z\\\0\\U}%\4.7\MAy\E,yb\[\\\R\C/ͽkL\ @\*d\qe\\<S\\T;{\\)>bb\Z{,\\G?\\\~\\\i8<P\>\\\\OL\rǲ\\CI>\~},)w\\re1u|{l\6\0\0\0%ܓo9?Y\A\Z9H79\ntSÝ\D\\r4\rsZ\Zw\rc|@R?\ ezūƦs\I4\c\0\0\0>GѬ呍\\z^C\o+>\sR\\3\S;\탤\_ү\IYnTv\\'G\[&\\\\u\\HC\ E|{cy\\8@\D\	d\>f\\ۓzyo\q2\G0WtUӄOj\([\\\\5Ş|\r\	\}i\=z\\\8%.\0\0\0 \\'y\â\A\$8H\ H\\\?{s\W\\M\0\0\0r?+{\\\{\\\rtq̓T7j\'LI1\\\Ff\\0\㑀\f\\\\\"F8Qb\\\r\e]\p<<\H$\-fi\[\I\x<R$<·f\w\S\ XxH@\)v]c\sN0L4\N,\T\v\\\0\T>o\\\r\x}ʸ\~=Q\-\\\\\\0\0\0(P,4W9\D~\(C^\A\	R!8H\"ǈNU7p\0:_\0\0\0\0 W|\"\\\|\T\.k3b%\"CQs$,O?y#\0)%n\Q^?C\"\fhQ\ZW]>{\#(,i&$`]\5퍼\VT^,\͑\3r\P>A\S;SM\FO3\~Gr\\\\\u\\*wM\$<!\\Sz\MA\\{\\1\\,u?߉\0\0\00D\\Ij\5<Qr\T4RoZ		R A4c\ʹ\Ao\8N:\\0\0\0\0in\\U]\G\\s\\\k(`p\2{\\\\%\ \\\\?\́\\y\r+p3Սg}E&\j©c\z\$]n\Q\)\ egpn\]\P\x\Z\\*ZyQ~\r<\\#\\7e4V~Wt\sr\"\X\J\\\\\g \0\0\0\0\\\t(Ѫ{\h|$@i9H\\F\\\ \0\0\0\0F̏\\1j\,խ\\MsD\7K+\'M\"Eɋ2y:V&\24B\_\\yFy:\\dʭCDN\\\\8{Ѹ6\u;?kzG\:|ֹO\%,E?\> Ͼ4<^\ArA\2=\\瞛\}Z[>\o=ýZ:i\\[\﵊|_~I.5\\"\Qz,(m\ITW3\]C\۞?/\Z݀=\0\0\0\0z\'*s5\\^\\rv\!H$8Hp\ \rh)VRN)5n\B\~G4ξH܎;\0\0\0\0nKJvAb󎝔zQ[z%f̢\;(V^I\\%\C\\\+\2|r&tUҜ\\ИR[\'\E\\\\\דə\`8Hs;H.r\Sn_\v0L\A\Z\\'U\\չ\A~=LE:žʿ),CݗșSdJ\\v,C\%\Y>HK:,g$\r\\r*gT_3\ZW\-0\\zw\\=\pf\0\0\0-#J\Yj\ôxpbp\ AԯR8\5\祶\[\\Gc\0\0\0ާ\_>Lͯ\\#R\EkߐNO\)ĂI*F<X\e~7lzA7\vy񩂧/y3>oc^b[XRv[\/\\ \r|{i\Dgٮ¼/\Zf~n*3<WL{*ym\\X,qnZ\r\ϞG;R\\ǩ\w\ڷ\ \0\0\0\0\\\:{OO\v>J\9E\\3q~tK2\j\$\DJ~\<\\\\=\ܢ\\0\0\0\'=y|\'\=]\\ \\Mq+I\\:\p\LȣƪW%R\\U\\鸗cNz$[\\f\\s\"\uT\<\\\\\.X,n軎w\\Br\<듫b\'\\ʄ\P^~n{d?;X8\jn\/g\l\\~\yQ\Uu\\\\\/C\\\\\C\\"y?7}\\|{M{\Y\UtaDhZ;ai\8~N\KQ\0\0\0\01\\w|S;E\Q\Z^LVpm\c)Cv\E\rh-MS\\KV\\\TU\5X\^H\ӣ&w$dXm^\\CzC \p\n$_\\mv\\\\,C]D\Vi\l\Z\Z\Sd,kdJEr͚\K#?\\~\mؽƙ\0\0\0\0O?wwSúmtp\c)Zl\Qm*d\F­Eqc\xonn({@8\\^w.U\SVS\<p\_R/\nh\Af䫝E4\}\\ \R_$/w;[j;\Z\χ:.\J\!?p*vV\aAd\F\5j\~jݰ|O\q>$δ\0\0\0\0p?%Qoy\-\(\-[A\Da\ ^Ro\\\\0\A\1WRC\ABRo\ \MA\\u\\\\\8\0\0\0p\mQ\\)\:J\\0%\/\\\%\K\\ȿabWIQOvQUH89#L\\o\\|.Q/$\>\/:<\G\ m\\Y,\D%Dx0\\'3\IyJξFR8]\3\x{\VR.\sPjR\ߩ\\rty\~v\(\0\0\0\0\n\\4=K]\_</YbcƧ*\r\\A-%\'mֱe\~k\8w\$ΐ\0\0\0\0z\\y\Qȡ\\0\\\'S|TeO-*N\|\Ü̿\\\Ч\f<\v6\N\@\05ܵ2\\/Ʌp\4eN\S\\P\0,I(Yr\\S|8J\Sr\TJNN/F\y\\0\0\0\0t|-u9J6)\\"^$\ !i\ \\\\"bj}\)jۼ:Mps\0\0\0\0\0HHHHH\0\0\0\0\07#=F\\9]\k\Qb\DJeq٥ߍ\!sB\R\|͇2}zԂOB솗H7\a\}2\\\\+K\\ < $O.\/\s4\!_F\T\\I\ 	\'Pr\lJ\Y }	1A\0\0\0\0\\\\\i-&\7\DZ8Hp\ \r\%f\u[]@\0\0\0\0\n$/_yi\Եc\'5{V\K	=jKˣ\r)n\\Ȕ(\5ٌ\\"\8\\\{\rz\j\ \Z7y]\.\ )ۻNᶃg?gl\AX\ nW\>ay_WMee0\\\\܇]\`Qj,\ݵ\｟^x\c\\\g!\0\0\0\0\\\4p\\DS\$^\F\\H(\HE\Ԛdo(\|\'\N\0\0\0\0\0\0vFΗ^\R}W;c6%\(7\rz\9t\u\kB)\\\\\\Z<0\"@݊y\ Z\'S;ݢ5ۊFzY \\'t\Fs4vq\SgT,F\\Kl\8JLNu\V\B\Aj\jy\-\\D~u\0\0\0\0\0\\E\R}CϹ)\AE	9HC \kS԰\a\G8Eݿg\0\0\0\0Aȟ~\]9p.\\Z6l;Qb\l\ZKѲ\\s+P\G\-W\\\C\k\\\5Zu7\\'R&N.f\-sc\Ec߄حT7U\9G\6՟TfT^Pjv\cs\͜-B۞xZ\|Z\{\\c\\q8E\0\0\0\0\0\'~8C׾=&nr/n\&Fēs\\\hH\ P !prbU\w@8Ͽ@m?C&\wA\0\0\0\0\0\n\xMיEE\\\\\}\\\\\FJݿ\V\KuRr\P=oG*!\Y2n_^JArؙ^/\wwz;)\I[iг}ڙ@\\Nu\kq\\n!׭NQ\\\\\'\\\;o\\U8;\0\0\0\0\0\0\os+=G6Q\C\\T;gr4	9H/n\|!Z\HmB&\\i[\0\0\0\0\0\0\nR\\\]\>\\i\(5n|\Z\\\\T1O\1\\\QR\U,\\\KB \\;\\I\\Tj\*eOKM\}zQ }b\\>;fD\\z=y\\I<͞y\\\]\Ŀ~\pp\0\0\0\0&\#\ϽH5fnzn߈\\˄\\Oig܅\"g\\Z^:\r87*1y\-On\]6)1\G\\\~,1oz)j~\5j?x:\sN\\0\0\0\0\0\\	\©\\\\c\"!3O=bUc\\7\\\1\!|&_\Br[\Z\\d3\x\+6\y\Tϖ\\qS\\\\?\'D\b\YZ\\\,g\ܘ\6Y\yl\u9JǿN[\q\VvDq\\0\0\0\0>-(=\0]\'1\Q\@\\D\(\n679H/&\\0\A\߽RkV QR\\_b\ܜE)v\\)M17\Zu\\G$\0\0\0\0\0\\ۻ/\\\\Z\\Z\\#gQ\%T;g~z=/7\\+Gۢ\\2#K\qU>r3!v.\'\Tsab\MR\zbHuI+\_\yeq\ZC	{}SRj\"1\gnX:^|:DW|BW\\O?nđ\0\0\0\0\0h:{S\G\\rvj̓B<\\'OK\.i(8Hf7*pe9ϴ!~?\\!\0\0\0\0\0Pxp.\tu\7۝\\'=enyw7]|e5=ڟ\F\\l\\S\UT;uprSez+Xi\rԝK&)P\.PQ4\\\A\Q)@y\jKS\5\\j\dO\\\w\{ENgB\0\0\0\0\0\p\ڎo\&;uCI-Z\"\\-L\\\wP|\h&R8H\#(V1*]\\\\\b]s\ZM\!/\\\q\\^\\0\0\0\0\0\0h_4Eε\\\Oy\{\\\{\Ըl5,].\mOm?\+7\y\7\/\8\͜yIV\5\N r\tSb\3?R\_P\OS\\Th7>85\|ZvG{>Lܱ\\u{jt\ަ\\\0\0\0\0\0\E~+\4e\'n&D\\HC\A\\p_{]8Bىqp٥x|%B\0\0\0\0\0\0\4e\\r;x\\$oO&S3\\`\\\IS\ $D-6\H>ΝCU\0\0\0\0\0\02C\A\0\0\0\0\0\0\041\ \Ds\\\)(ER	\0\0\0\0\0\0\	\0\0\0\0\0\0\0xr\&\\d%9)PiW$\&\\\9H\0\0\0\0\0\0\0H\"\nxOC؈\\OXC^\rt\0\0\0\0\0\0R\AR\IB\'\\]o|\\!vcb\0\0\0\0\0\0\K49H\0\0\0\0\0\0\0H$;CIZ\r\\Nr\0\0\0\0\0\0\0!\0\0\0\0\0\0\0y$˓s\'Ôr\\\#MS\0\0\0\0\0\0IΚG\qd\r/p9H;&P\\Z$\0\0\0\0\0\0@\	$\9?~DE\\#\\\\(\H\'\\\'Q\r\0\0\0\0\0\0\cd\ qn\0\0\0\0\0\0O\Ά\Y7kI\A\0\0\0\0\0\0@E\0\0\0\0\0\0\0(;.W]\0}\yC>3	!v\0\0\0\0\0\0>H\A\0\0\0\0\0\0\0O\\0Y:Hv\+=?9H\0\0\0\0\0\0~H\A\0\0\0\0\0\0ۜ!v\\Z\\r\Y\LB Y.\.;\0\0\0\0\0\0@$8H\0\0\0\0\0\0\0\A\ZHF\\qQTaǑ\s\\d\{\0\0\0\0\0\0\	\0\0\0\0\0\0\0nr|D\,\Ō{x>h9*\'r\0\0\0\0\0\0\0 \ \0\0\0\0\0\0*\'H\R6\nT\e\e\$8H\0\0\0\0\0\0Hp\0\0\0\0\0\0\0\6gRd)N\1\\\\¸N\ !	\0\0\0\0\0\0\\Ib-ǝsL\\Io\\LoY\Q\\0\0\0\0\0\0Џ)V;\0\0\0\0\0\0\0~\B\f\r/M;E\<\$eJv\0s[a\\\F\\\H\61y\0\0\0\0\0\0/\\\\ q\\0\0\0\0\0\0ORzG y\'S#tt(\r>/2Ѹ\0\0\0\0\0\0$\0\0\0\0\0\0\0\$n\j%@	p\\\|\9\\%8H\0\0\0\0\0\0Hp\0\0\0\0\0\0\0\lS *\\I$	\\.s\Q\\0\0\0\0\0\0\	\0\0\0\0\0\0\0d;H\KԂE\m\H\EG\fy\Zɂ\0\0\0\0\0\0\W	\0\0\0\0\0\0\0T}̛\\u\"!*iڡ\0\0\0\0\0\0?R\|ok)lxk9\0\0\0\0\0\0%Ws|\\at2N\-\\$ɽb\0\0\0\0\0\0\$\0\0\0\0\0\0\0\\ e\\>\\B\sR1\\@ \0\0\0\0\0\0X !	\0\0\0\0\0\0\0X \q\ \	9WQ\*vp\0\0\0\0\0\0\0}*\0\0\0\0\0\0\0ysU餹\+\WK?{f\\)U\\\ \0\0\0\0\0\0C !	\0\0\0\0\0\0\0l\Qz-HJ$G\g\q49G4蓔\\\m\­vZ\r\0\0\0\0\0\0\\q2\!)~\$\0\0\0\0\0\0@_@*\8=r\\)rL:\N\H\rtHp\0\0\0\0\0\0\0#\ \0\0\0\0\0\0@\A\ZV\u\Sd瞗1JxX UC \0\0\0\0\0\0\\ A\0\0\0\0\0\0\0!>\|N\\\.~\ \0\0\0\0\0\0\\ A\0\0\0\0\0\0\\R2ϭl^y\$c\Svyr\%\\A\0\0\0\0\0\0@\0\0\0\0\0\0\09\\+\9\i\\'\\\X\A\A.G8772\\}\ \0\0\0\0\0\0^ A\0\0\0\0\0\0\0@r@\r\PDrT\\=<.\s.\\0\0\0\0\0\0O A\0\0\0\0\0\0@ sN\ɉHNR$\0\ S;w9D\\\\c5U\\0\0\0\0\0\0\0\"\ \0\0\0\0\0\0@R^ Y9\\"͍7\%\\\>\|Ovy,\0\0\0\0\0\0\s\4U\n\"Yn\Ph0}\P\0\0\0\0\0\0\)\)\ E4p\8v,g;+w\"nH\nCDB\\0\0\0\0\0\0\0}-b\\A\0\0\0\0\0\0\\\.xD[ zLu9+Sm\ʄ\\^w9E\7ɽ\rߗlġ\3 \0\0\0\0\0\0\0}\'8ׇ\@\A@\0\0\0\0\0\0@\~CY\\"g\#\0s鍔瞗C\{~xȍ@\0\0\0\0\0\0@J\1%\\h\=73ϛ\Ƕd\f~Ο2\㲴\0\\\g\~(?\0\0\0\0\0\0\3RP\\i\ZCJWT\\\5Sic>Bzy=ZQE	S(9s\0\0\0\0\0\0`r\\9\>{\\l{x:(\0\0\0\0\0\0\Y$\0\0\0\0\0\0\0\0\0\0\0\0\0\0\0\0\0\0\0\0\0\0\0\0\0\0\0\0\0\0\0\0\0\0\0\0\0\0\0\0\0\0\0\0\0\0\0\0\0\0\0\0\0\0\0\0\0\0\0\0\0\0\0\0\0\0\0\0\0\0\0\0\0\0\0\0\0\0\0\0\0\0\0\0\0\0\0\0\0\0\0\0\0\0\0\0\0\0\0\00x\1\0\0\0\0IENDB`','1'),('S260-947-197','Saulo','Oliveira','Male','04/28/1992','Rua São Fernandino','oliveira.saulo06@gmail.com','92996163818','Sistemas De Informação','ENADE','613f64ef919c6c290eafda165e241a70','student',NULL,'1'),('S334-338-120','Lauriete','Paguete','Female','07/30/1998','Rua ônix','lauriane.sds@gmail.com','996257845','Sistemas De Informação','ENADE','e10adc3949ba59abbe56e057f20f883e','student',NULL,'1');
/*!40000 ALTER TABLE `tbl_users` ENABLE KEYS */;
UNLOCK TABLES;
/*!40103 SET TIME_ZONE=@OLD_TIME_ZONE */;

/*!40101 SET SQL_MODE=@OLD_SQL_MODE */;
/*!40014 SET FOREIGN_KEY_CHECKS=@OLD_FOREIGN_KEY_CHECKS */;
/*!40014 SET UNIQUE_CHECKS=@OLD_UNIQUE_CHECKS */;
/*!40101 SET CHARACTER_SET_CLIENT=@OLD_CHARACTER_SET_CLIENT */;
/*!40101 SET CHARACTER_SET_RESULTS=@OLD_CHARACTER_SET_RESULTS */;
/*!40101 SET COLLATION_CONNECTION=@OLD_COLLATION_CONNECTION */;
/*!40111 SET SQL_NOTES=@OLD_SQL_NOTES */;

-- Dump completed on 2019-11-01 10:38:34
